2025-07-17 18:09:31,795 - WARNING - GUI selection is disabled. Use batch mode with a directory instead.
2025-07-17 18:09:42,785 - INFO - Starting interactive mode
2025-07-17 18:10:09,024 - ERROR - Invalid preset choice
2025-07-17 18:10:32,895 - INFO - Starting interactive mode
2025-07-17 18:10:49,879 - INFO - Selected preset: cinematic
2025-07-17 18:10:59,920 - INFO - Processed image saved to C:\Users\1uci1er\Desktop\AI Photo Editing\Photos\color_graded_output\Manisha Di(Shrimant) (1).jpg in 10.02s
2025-07-17 18:10:59,925 - INFO - [1/271] Completed: Manisha Di(Shrimant) (1).jpg
2025-07-17 18:11:00,259 - INFO - Processed image saved to C:\Users\1uci1er\Desktop\AI Photo Editing\Photos\color_graded_output\Manisha Di(Shrimant) (101).jpg in 10.35s
2025-07-17 18:11:00,271 - INFO - [2/271] Completed: Manisha Di(Shrimant) (101).jpg
2025-07-17 18:11:00,620 - INFO - Processed image saved to C:\Users\1uci1er\Desktop\AI Photo Editing\Photos\color_graded_output\Manisha Di(Shrimant) (100).jpg in 10.72s
2025-07-17 18:11:00,634 - INFO - [3/271] Completed: Manisha Di(Shrimant) (100).jpg
2025-07-17 18:11:00,789 - INFO - Processed image saved to C:\Users\1uci1er\Desktop\AI Photo Editing\Photos\color_graded_output\Manisha Di(Shrimant) (10).jpg in 10.89s
2025-07-17 18:11:00,803 - INFO - [4/271] Completed: Manisha Di(Shrimant) (10).jpg
2025-07-17 18:11:02,663 - INFO - Processed image saved to C:\Users\1uci1er\Desktop\AI Photo Editing\Photos\color_graded_output\Manisha Di(Shrimant) (102).jpg in 2.73s
2025-07-17 18:11:02,674 - INFO - [5/271] Completed: Manisha Di(Shrimant) (102).jpg
2025-07-17 18:11:03,147 - INFO - Processed image saved to C:\Users\1uci1er\Desktop\AI Photo Editing\Photos\color_graded_output\Manisha Di(Shrimant) (103).jpg in 2.87s
2025-07-17 18:11:03,154 - INFO - [6/271] Completed: Manisha Di(Shrimant) (103).jpg
2025-07-17 18:11:03,680 - INFO - Processed image saved to C:\Users\1uci1er\Desktop\AI Photo Editing\Photos\color_graded_output\Manisha Di(Shrimant) (104).jpg in 3.02s
2025-07-17 18:11:03,686 - INFO - [7/271] Completed: Manisha Di(Shrimant) (104).jpg
2025-07-17 18:11:03,894 - INFO - Processed image saved to C:\Users\1uci1er\Desktop\AI Photo Editing\Photos\color_graded_output\Manisha Di(Shrimant) (105).jpg in 3.08s
2025-07-17 18:11:03,908 - INFO - [8/271] Completed: Manisha Di(Shrimant) (105).jpg
2025-07-17 18:11:05,795 - INFO - Processed image saved to C:\Users\1uci1er\Desktop\AI Photo Editing\Photos\color_graded_output\Manisha Di(Shrimant) (106).jpg in 3.12s
2025-07-17 18:11:05,810 - INFO - [9/271] Completed: Manisha Di(Shrimant) (106).jpg
2025-07-17 18:11:06,917 - INFO - Processed image saved to C:\Users\1uci1er\Desktop\AI Photo Editing\Photos\color_graded_output\Manisha Di(Shrimant) (107).jpg in 3.76s
2025-07-17 18:11:06,927 - INFO - [10/271] Completed: Manisha Di(Shrimant) (107).jpg
2025-07-17 18:11:07,003 - INFO - Processed image saved to C:\Users\1uci1er\Desktop\AI Photo Editing\Photos\color_graded_output\Manisha Di(Shrimant) (109).jpg in 3.09s
2025-07-17 18:11:07,007 - INFO - [11/271] Completed: Manisha Di(Shrimant) (109).jpg
2025-07-17 18:11:07,120 - INFO - Processed image saved to C:\Users\1uci1er\Desktop\AI Photo Editing\Photos\color_graded_output\Manisha Di(Shrimant) (108).jpg in 3.43s
2025-07-17 18:11:07,131 - INFO - [12/271] Completed: Manisha Di(Shrimant) (108).jpg
2025-07-17 18:11:08,344 - INFO - Processed image saved to C:\Users\1uci1er\Desktop\AI Photo Editing\Photos\color_graded_output\Manisha Di(Shrimant) (11).jpg in 2.53s
2025-07-17 18:11:08,357 - INFO - [13/271] Completed: Manisha Di(Shrimant) (11).jpg
2025-07-17 18:11:09,872 - INFO - Processed image saved to C:\Users\1uci1er\Desktop\AI Photo Editing\Photos\color_graded_output\Manisha Di(Shrimant) (110).jpg in 2.94s
2025-07-17 18:11:09,884 - INFO - [14/271] Completed: Manisha Di(Shrimant) (110).jpg
2025-07-17 18:11:10,303 - INFO - Processed image saved to C:\Users\1uci1er\Desktop\AI Photo Editing\Photos\color_graded_output\Manisha Di(Shrimant) (111).jpg in 3.29s
2025-07-17 18:11:10,313 - INFO - [15/271] Completed: Manisha Di(Shrimant) (111).jpg
2025-07-17 18:11:11,365 - INFO - Processed image saved to C:\Users\1uci1er\Desktop\AI Photo Editing\Photos\color_graded_output\Manisha Di(Shrimant) (112).jpg in 4.23s
2025-07-17 18:11:11,370 - INFO - [16/271] Completed: Manisha Di(Shrimant) (112).jpg
2025-07-17 18:11:12,550 - INFO - Processed image saved to C:\Users\1uci1er\Desktop\AI Photo Editing\Photos\color_graded_output\Manisha Di(Shrimant) (113).jpg in 4.19s
2025-07-17 18:11:12,560 - INFO - [17/271] Completed: Manisha Di(Shrimant) (113).jpg
2025-07-17 18:11:13,314 - INFO - Processed image saved to C:\Users\1uci1er\Desktop\AI Photo Editing\Photos\color_graded_output\Manisha Di(Shrimant) (115).jpg in 3.00s
2025-07-17 18:11:13,315 - INFO - Processed image saved to C:\Users\1uci1er\Desktop\AI Photo Editing\Photos\color_graded_output\Manisha Di(Shrimant) (114).jpg in 3.42s
2025-07-17 18:11:13,326 - INFO - [18/271] Completed: Manisha Di(Shrimant) (115).jpg
2025-07-17 18:11:13,329 - INFO - [19/271] Completed: Manisha Di(Shrimant) (114).jpg
2025-07-17 18:11:14,218 - INFO - Processed image saved to C:\Users\1uci1er\Desktop\AI Photo Editing\Photos\color_graded_output\Manisha Di(Shrimant) (116).jpg in 2.84s
2025-07-17 18:11:14,237 - INFO - [20/271] Completed: Manisha Di(Shrimant) (116).jpg
2025-07-17 18:11:15,148 - INFO - Processed image saved to C:\Users\1uci1er\Desktop\AI Photo Editing\Photos\color_graded_output\Manisha Di(Shrimant) (117).jpg in 2.58s
2025-07-17 18:11:15,339 - INFO - [21/271] Completed: Manisha Di(Shrimant) (117).jpg
2025-07-17 18:11:16,482 - INFO - Processed image saved to C:\Users\1uci1er\Desktop\AI Photo Editing\Photos\color_graded_output\Manisha Di(Shrimant) (118).jpg in 3.15s
2025-07-17 18:11:16,499 - INFO - [22/271] Completed: Manisha Di(Shrimant) (118).jpg
2025-07-17 18:11:16,597 - INFO - Processed image saved to C:\Users\1uci1er\Desktop\AI Photo Editing\Photos\color_graded_output\Manisha Di(Shrimant) (119).jpg in 3.27s
2025-07-17 18:11:16,606 - INFO - [23/271] Completed: Manisha Di(Shrimant) (119).jpg
2025-07-17 18:11:17,051 - INFO - Processed image saved to C:\Users\1uci1er\Desktop\AI Photo Editing\Photos\color_graded_output\Manisha Di(Shrimant) (12).jpg in 2.81s
2025-07-17 18:11:17,065 - INFO - [24/271] Completed: Manisha Di(Shrimant) (12).jpg
2025-07-17 18:11:18,183 - INFO - Processed image saved to C:\Users\1uci1er\Desktop\AI Photo Editing\Photos\color_graded_output\Manisha Di(Shrimant) (120).jpg in 2.84s
2025-07-17 18:11:18,348 - INFO - [25/271] Completed: Manisha Di(Shrimant) (120).jpg
2025-07-17 18:11:18,348 - ERROR - Error processing C:\Users\1uci1er\Desktop\AI Photo Editing\Photos\Manisha Di(Shrimant) (121).jpg: PIL.Image.Image.save() got multiple values for keyword argument 'progressive'
2025-07-17 18:11:18,350 - ERROR - [26/271] Error processing Manisha Di(Shrimant) (121).jpg: PIL.Image.Image.save() got multiple values for keyword argument 'progressive'
2025-07-17 18:11:18,799 - ERROR - Error processing C:\Users\1uci1er\Desktop\AI Photo Editing\Photos\Manisha Di(Shrimant) (123).jpg: PIL.Image.Image.save() got multiple values for keyword argument 'progressive'
2025-07-17 18:11:18,800 - ERROR - [27/271] Error processing Manisha Di(Shrimant) (123).jpg: PIL.Image.Image.save() got multiple values for keyword argument 'progressive'
2025-07-17 18:11:19,047 - ERROR - Error processing C:\Users\1uci1er\Desktop\AI Photo Editing\Photos\Manisha Di(Shrimant) (122).jpg: PIL.Image.Image.save() got multiple values for keyword argument 'progressive'
2025-07-17 18:11:19,048 - ERROR - [28/271] Error processing Manisha Di(Shrimant) (122).jpg: PIL.Image.Image.save() got multiple values for keyword argument 'progressive'
2025-07-17 18:11:20,131 - ERROR - Error processing C:\Users\1uci1er\Desktop\AI Photo Editing\Photos\Manisha Di(Shrimant) (124).jpg: PIL.Image.Image.save() got multiple values for keyword argument 'progressive'
2025-07-17 18:11:20,131 - ERROR - [29/271] Error processing Manisha Di(Shrimant) (124).jpg: PIL.Image.Image.save() got multiple values for keyword argument 'progressive'
2025-07-17 18:11:20,329 - ERROR - Error processing C:\Users\1uci1er\Desktop\AI Photo Editing\Photos\Manisha Di(Shrimant) (125).jpg: PIL.Image.Image.save() got multiple values for keyword argument 'progressive'
2025-07-17 18:11:20,330 - ERROR - [30/271] Error processing Manisha Di(Shrimant) (125).jpg: PIL.Image.Image.save() got multiple values for keyword argument 'progressive'
2025-07-17 18:11:20,479 - ERROR - Error processing C:\Users\1uci1er\Desktop\AI Photo Editing\Photos\Manisha Di(Shrimant) (126).jpg: PIL.Image.Image.save() got multiple values for keyword argument 'progressive'
2025-07-17 18:11:20,480 - ERROR - [31/271] Error processing Manisha Di(Shrimant) (126).jpg: PIL.Image.Image.save() got multiple values for keyword argument 'progressive'
2025-07-17 18:11:21,011 - ERROR - Error processing C:\Users\1uci1er\Desktop\AI Photo Editing\Photos\Manisha Di(Shrimant) (127).jpg: PIL.Image.Image.save() got multiple values for keyword argument 'progressive'
2025-07-17 18:11:21,013 - ERROR - [32/271] Error processing Manisha Di(Shrimant) (127).jpg: PIL.Image.Image.save() got multiple values for keyword argument 'progressive'
2025-07-17 18:11:21,783 - ERROR - Error processing C:\Users\1uci1er\Desktop\AI Photo Editing\Photos\Manisha Di(Shrimant) (128).jpg: PIL.Image.Image.save() got multiple values for keyword argument 'progressive'
2025-07-17 18:11:21,784 - ERROR - [33/271] Error processing Manisha Di(Shrimant) (128).jpg: PIL.Image.Image.save() got multiple values for keyword argument 'progressive'
2025-07-17 18:11:21,915 - ERROR - Error processing C:\Users\1uci1er\Desktop\AI Photo Editing\Photos\Manisha Di(Shrimant) (129).jpg: PIL.Image.Image.save() got multiple values for keyword argument 'progressive'
2025-07-17 18:11:21,916 - ERROR - [34/271] Error processing Manisha Di(Shrimant) (129).jpg: PIL.Image.Image.save() got multiple values for keyword argument 'progressive'
2025-07-17 18:11:23,061 - ERROR - Error processing C:\Users\1uci1er\Desktop\AI Photo Editing\Photos\Manisha Di(Shrimant) (130).jpg: PIL.Image.Image.save() got multiple values for keyword argument 'progressive'
2025-07-17 18:11:23,061 - ERROR - [35/271] Error processing Manisha Di(Shrimant) (130).jpg: PIL.Image.Image.save() got multiple values for keyword argument 'progressive'
2025-07-17 18:11:24,090 - ERROR - Error processing C:\Users\1uci1er\Desktop\AI Photo Editing\Photos\Manisha Di(Shrimant) (132).jpg: PIL.Image.Image.save() got multiple values for keyword argument 'progressive'
2025-07-17 18:11:24,090 - ERROR - [36/271] Error processing Manisha Di(Shrimant) (132).jpg: PIL.Image.Image.save() got multiple values for keyword argument 'progressive'
2025-07-17 18:11:24,361 - INFO - Processed image saved to C:\Users\1uci1er\Desktop\AI Photo Editing\Photos\color_graded_output\Manisha Di(Shrimant) (13).jpg in 3.75s
2025-07-17 18:11:24,372 - INFO - [37/271] Completed: Manisha Di(Shrimant) (13).jpg
2025-07-17 18:11:25,077 - ERROR - Error processing C:\Users\1uci1er\Desktop\AI Photo Editing\Photos\Manisha Di(Shrimant) (131).jpg: PIL.Image.Image.save() got multiple values for keyword argument 'progressive'
2025-07-17 18:11:25,078 - ERROR - [38/271] Error processing Manisha Di(Shrimant) (131).jpg: PIL.Image.Image.save() got multiple values for keyword argument 'progressive'
2025-07-17 18:11:25,261 - ERROR - Error processing C:\Users\1uci1er\Desktop\AI Photo Editing\Photos\Manisha Di(Shrimant) (133).jpg: PIL.Image.Image.save() got multiple values for keyword argument 'progressive'
2025-07-17 18:11:25,261 - ERROR - [39/271] Error processing Manisha Di(Shrimant) (133).jpg: PIL.Image.Image.save() got multiple values for keyword argument 'progressive'
2025-07-17 18:11:25,751 - ERROR - Error processing C:\Users\1uci1er\Desktop\AI Photo Editing\Photos\Manisha Di(Shrimant) (134).jpg: PIL.Image.Image.save() got multiple values for keyword argument 'progressive'
2025-07-17 18:11:25,752 - ERROR - [40/271] Error processing Manisha Di(Shrimant) (134).jpg: PIL.Image.Image.save() got multiple values for keyword argument 'progressive'
2025-07-17 18:11:26,679 - ERROR - Error processing C:\Users\1uci1er\Desktop\AI Photo Editing\Photos\Manisha Di(Shrimant) (135).jpg: PIL.Image.Image.save() got multiple values for keyword argument 'progressive'
2025-07-17 18:11:26,681 - ERROR - [41/271] Error processing Manisha Di(Shrimant) (135).jpg: PIL.Image.Image.save() got multiple values for keyword argument 'progressive'
2025-07-17 18:11:27,136 - ERROR - Error processing C:\Users\1uci1er\Desktop\AI Photo Editing\Photos\Manisha Di(Shrimant) (137).jpg: PIL.Image.Image.save() got multiple values for keyword argument 'progressive'
2025-07-17 18:11:27,136 - ERROR - [42/271] Error processing Manisha Di(Shrimant) (137).jpg: PIL.Image.Image.save() got multiple values for keyword argument 'progressive'
2025-07-17 18:11:27,570 - ERROR - Error processing C:\Users\1uci1er\Desktop\AI Photo Editing\Photos\Manisha Di(Shrimant) (136).jpg: PIL.Image.Image.save() got multiple values for keyword argument 'progressive'
2025-07-17 18:11:27,573 - ERROR - [43/271] Error processing Manisha Di(Shrimant) (136).jpg: PIL.Image.Image.save() got multiple values for keyword argument 'progressive'
2025-07-17 18:11:27,679 - ERROR - Error processing C:\Users\1uci1er\Desktop\AI Photo Editing\Photos\Manisha Di(Shrimant) (138).jpg: PIL.Image.Image.save() got multiple values for keyword argument 'progressive'
2025-07-17 18:11:27,679 - ERROR - [44/271] Error processing Manisha Di(Shrimant) (138).jpg: PIL.Image.Image.save() got multiple values for keyword argument 'progressive'
2025-07-17 18:11:28,903 - ERROR - Error processing C:\Users\1uci1er\Desktop\AI Photo Editing\Photos\Manisha Di(Shrimant) (139).jpg: PIL.Image.Image.save() got multiple values for keyword argument 'progressive'
2025-07-17 18:11:28,904 - ERROR - [45/271] Error processing Manisha Di(Shrimant) (139).jpg: PIL.Image.Image.save() got multiple values for keyword argument 'progressive'
2025-07-17 18:11:29,800 - ERROR - Error processing C:\Users\1uci1er\Desktop\AI Photo Editing\Photos\Manisha Di(Shrimant) (140).jpg: PIL.Image.Image.save() got multiple values for keyword argument 'progressive'
2025-07-17 18:11:29,801 - ERROR - [46/271] Error processing Manisha Di(Shrimant) (140).jpg: PIL.Image.Image.save() got multiple values for keyword argument 'progressive'
2025-07-17 18:11:29,814 - INFO - Processed image saved to C:\Users\1uci1er\Desktop\AI Photo Editing\Photos\color_graded_output\Manisha Di(Shrimant) (14).jpg in 2.67s
2025-07-17 18:11:29,819 - INFO - [47/271] Completed: Manisha Di(Shrimant) (14).jpg
2025-07-17 18:11:29,896 - ERROR - Error processing C:\Users\1uci1er\Desktop\AI Photo Editing\Photos\Manisha Di(Shrimant) (141).jpg: PIL.Image.Image.save() got multiple values for keyword argument 'progressive'
2025-07-17 18:11:29,897 - ERROR - [48/271] Error processing Manisha Di(Shrimant) (141).jpg: PIL.Image.Image.save() got multiple values for keyword argument 'progressive'
2025-07-17 18:11:30,700 - ERROR - Error processing C:\Users\1uci1er\Desktop\AI Photo Editing\Photos\Manisha Di(Shrimant) (142).jpg: PIL.Image.Image.save() got multiple values for keyword argument 'progressive'
2025-07-17 18:11:30,701 - ERROR - [49/271] Error processing Manisha Di(Shrimant) (142).jpg: PIL.Image.Image.save() got multiple values for keyword argument 'progressive'
2025-07-17 18:11:31,954 - ERROR - Error processing C:\Users\1uci1er\Desktop\AI Photo Editing\Photos\Manisha Di(Shrimant) (144).jpg: PIL.Image.Image.save() got multiple values for keyword argument 'progressive'
2025-07-17 18:11:31,955 - ERROR - [50/271] Error processing Manisha Di(Shrimant) (144).jpg: PIL.Image.Image.save() got multiple values for keyword argument 'progressive'
2025-07-17 18:11:32,169 - ERROR - Error processing C:\Users\1uci1er\Desktop\AI Photo Editing\Photos\Manisha Di(Shrimant) (145).jpg: PIL.Image.Image.save() got multiple values for keyword argument 'progressive'
2025-07-17 18:11:32,169 - ERROR - [51/271] Error processing Manisha Di(Shrimant) (145).jpg: PIL.Image.Image.save() got multiple values for keyword argument 'progressive'
2025-07-17 18:11:32,280 - ERROR - Error processing C:\Users\1uci1er\Desktop\AI Photo Editing\Photos\Manisha Di(Shrimant) (143).jpg: PIL.Image.Image.save() got multiple values for keyword argument 'progressive'
2025-07-17 18:11:32,281 - ERROR - [52/271] Error processing Manisha Di(Shrimant) (143).jpg: PIL.Image.Image.save() got multiple values for keyword argument 'progressive'
2025-07-17 18:11:32,586 - ERROR - Error processing C:\Users\1uci1er\Desktop\AI Photo Editing\Photos\Manisha Di(Shrimant) (146).jpg: PIL.Image.Image.save() got multiple values for keyword argument 'progressive'
2025-07-17 18:11:32,587 - ERROR - [53/271] Error processing Manisha Di(Shrimant) (146).jpg: PIL.Image.Image.save() got multiple values for keyword argument 'progressive'
2025-07-17 18:11:33,939 - ERROR - Error processing C:\Users\1uci1er\Desktop\AI Photo Editing\Photos\Manisha Di(Shrimant) (147).jpg: PIL.Image.Image.save() got multiple values for keyword argument 'progressive'
2025-07-17 18:11:33,940 - ERROR - [54/271] Error processing Manisha Di(Shrimant) (147).jpg: PIL.Image.Image.save() got multiple values for keyword argument 'progressive'
2025-07-17 18:11:34,251 - ERROR - Error processing C:\Users\1uci1er\Desktop\AI Photo Editing\Photos\Manisha Di(Shrimant) (148).jpg: PIL.Image.Image.save() got multiple values for keyword argument 'progressive'
2025-07-17 18:11:34,252 - ERROR - [55/271] Error processing Manisha Di(Shrimant) (148).jpg: PIL.Image.Image.save() got multiple values for keyword argument 'progressive'
2025-07-17 18:11:34,660 - ERROR - Error processing C:\Users\1uci1er\Desktop\AI Photo Editing\Photos\Manisha Di(Shrimant) (149).jpg: PIL.Image.Image.save() got multiple values for keyword argument 'progressive'
2025-07-17 18:11:34,661 - ERROR - [56/271] Error processing Manisha Di(Shrimant) (149).jpg: PIL.Image.Image.save() got multiple values for keyword argument 'progressive'
2025-07-17 18:11:35,648 - INFO - Processed image saved to C:\Users\1uci1er\Desktop\AI Photo Editing\Photos\color_graded_output\Manisha Di(Shrimant) (15).jpg in 3.06s
2025-07-17 18:11:35,653 - INFO - [57/271] Completed: Manisha Di(Shrimant) (15).jpg
2025-07-17 18:11:36,293 - ERROR - Error processing C:\Users\1uci1er\Desktop\AI Photo Editing\Photos\Manisha Di(Shrimant) (150).jpg: PIL.Image.Image.save() got multiple values for keyword argument 'progressive'
2025-07-17 18:11:36,297 - ERROR - [58/271] Error processing Manisha Di(Shrimant) (150).jpg: PIL.Image.Image.save() got multiple values for keyword argument 'progressive'
2025-07-17 18:11:37,269 - ERROR - Error processing C:\Users\1uci1er\Desktop\AI Photo Editing\Photos\Manisha Di(Shrimant) (151).jpg: PIL.Image.Image.save() got multiple values for keyword argument 'progressive'
2025-07-17 18:11:37,270 - ERROR - [59/271] Error processing Manisha Di(Shrimant) (151).jpg: PIL.Image.Image.save() got multiple values for keyword argument 'progressive'
2025-07-17 18:11:38,834 - INFO - Processed image saved to C:\Users\1uci1er\Desktop\AI Photo Editing\Photos\color_graded_output\Manisha Di(Shrimant) (152).jpg in 4.17s
2025-07-17 18:11:38,849 - INFO - [60/271] Completed: Manisha Di(Shrimant) (152).jpg
2025-07-17 18:11:40,842 - INFO - Processed image saved to C:\Users\1uci1er\Desktop\AI Photo Editing\Photos\color_graded_output\Manisha Di(Shrimant) (154).jpg in 4.54s
2025-07-17 18:11:40,855 - INFO - [61/271] Completed: Manisha Di(Shrimant) (154).jpg
2025-07-17 18:11:41,168 - INFO - Processed image saved to C:\Users\1uci1er\Desktop\AI Photo Editing\Photos\color_graded_output\Manisha Di(Shrimant) (153).jpg in 5.51s
2025-07-17 18:11:41,182 - INFO - [62/271] Completed: Manisha Di(Shrimant) (153).jpg
2025-07-17 18:11:43,903 - INFO - Processed image saved to C:\Users\1uci1er\Desktop\AI Photo Editing\Photos\color_graded_output\Manisha Di(Shrimant) (155).jpg in 6.63s
2025-07-17 18:11:43,904 - INFO - Processed image saved to C:\Users\1uci1er\Desktop\AI Photo Editing\Photos\color_graded_output\Manisha Di(Shrimant) (156).jpg in 5.05s
2025-07-17 18:11:43,916 - INFO - [63/271] Completed: Manisha Di(Shrimant) (155).jpg
2025-07-17 18:11:43,918 - INFO - [64/271] Completed: Manisha Di(Shrimant) (156).jpg
2025-07-17 18:11:45,308 - INFO - Processed image saved to C:\Users\1uci1er\Desktop\AI Photo Editing\Photos\color_graded_output\Manisha Di(Shrimant) (157).jpg in 4.45s
2025-07-17 18:11:45,340 - INFO - [65/271] Completed: Manisha Di(Shrimant) (157).jpg
2025-07-17 18:11:45,466 - INFO - Processed image saved to C:\Users\1uci1er\Desktop\AI Photo Editing\Photos\color_graded_output\Manisha Di(Shrimant) (158).jpg in 4.28s
2025-07-17 18:11:45,478 - INFO - [66/271] Completed: Manisha Di(Shrimant) (158).jpg
2025-07-17 18:11:49,337 - INFO - Processed image saved to C:\Users\1uci1er\Desktop\AI Photo Editing\Photos\color_graded_output\Manisha Di(Shrimant) (159).jpg in 5.41s
2025-07-17 18:11:49,351 - INFO - [67/271] Completed: Manisha Di(Shrimant) (159).jpg
2025-07-17 18:11:50,836 - INFO - Processed image saved to C:\Users\1uci1er\Desktop\AI Photo Editing\Photos\color_graded_output\Manisha Di(Shrimant) (161).jpg in 5.34s
2025-07-17 18:11:50,849 - INFO - [68/271] Completed: Manisha Di(Shrimant) (161).jpg
2025-07-17 18:11:51,349 - INFO - Processed image saved to C:\Users\1uci1er\Desktop\AI Photo Editing\Photos\color_graded_output\Manisha Di(Shrimant) (160).jpg in 5.99s
2025-07-17 18:11:51,354 - INFO - [69/271] Completed: Manisha Di(Shrimant) (160).jpg
2025-07-17 18:11:52,435 - INFO - Processed image saved to C:\Users\1uci1er\Desktop\AI Photo Editing\Photos\color_graded_output\Manisha Di(Shrimant) (16).jpg in 8.51s
2025-07-17 18:11:52,455 - INFO - [70/271] Completed: Manisha Di(Shrimant) (16).jpg
2025-07-17 18:11:53,815 - INFO - Processed image saved to C:\Users\1uci1er\Desktop\AI Photo Editing\Photos\color_graded_output\Manisha Di(Shrimant) (162).jpg in 4.46s
2025-07-17 18:11:53,831 - INFO - [71/271] Completed: Manisha Di(Shrimant) (162).jpg
2025-07-17 18:11:55,106 - INFO - Processed image saved to C:\Users\1uci1er\Desktop\AI Photo Editing\Photos\color_graded_output\Manisha Di(Shrimant) (164).jpg in 3.75s
2025-07-17 18:11:55,112 - INFO - [72/271] Completed: Manisha Di(Shrimant) (164).jpg
2025-07-17 18:11:55,735 - INFO - Processed image saved to C:\Users\1uci1er\Desktop\AI Photo Editing\Photos\color_graded_output\Manisha Di(Shrimant) (163).jpg in 4.83s
2025-07-17 18:11:55,747 - INFO - [73/271] Completed: Manisha Di(Shrimant) (163).jpg
2025-07-17 18:11:57,150 - INFO - Processed image saved to C:\Users\1uci1er\Desktop\AI Photo Editing\Photos\color_graded_output\Manisha Di(Shrimant) (165).jpg in 4.69s
2025-07-17 18:11:57,164 - INFO - [74/271] Completed: Manisha Di(Shrimant) (165).jpg
2025-07-17 18:11:57,849 - INFO - Processed image saved to C:\Users\1uci1er\Desktop\AI Photo Editing\Photos\color_graded_output\Manisha Di(Shrimant) (166).jpg in 4.00s
2025-07-17 18:11:57,869 - INFO - [75/271] Completed: Manisha Di(Shrimant) (166).jpg
2025-07-17 18:12:00,346 - INFO - Processed image saved to C:\Users\1uci1er\Desktop\AI Photo Editing\Photos\color_graded_output\Manisha Di(Shrimant) (167).jpg in 5.23s
2025-07-17 18:12:00,357 - INFO - [76/271] Completed: Manisha Di(Shrimant) (167).jpg
2025-07-17 18:12:01,975 - INFO - Processed image saved to C:\Users\1uci1er\Desktop\AI Photo Editing\Photos\color_graded_output\Manisha Di(Shrimant) (169).jpg in 4.81s
2025-07-17 18:12:01,987 - INFO - [77/271] Completed: Manisha Di(Shrimant) (169).jpg
2025-07-17 18:12:02,589 - INFO - Processed image saved to C:\Users\1uci1er\Desktop\AI Photo Editing\Photos\color_graded_output\Manisha Di(Shrimant) (168).jpg in 6.84s
2025-07-17 18:12:02,596 - INFO - [78/271] Completed: Manisha Di(Shrimant) (168).jpg
2025-07-17 18:12:03,064 - INFO - Processed image saved to C:\Users\1uci1er\Desktop\AI Photo Editing\Photos\color_graded_output\Manisha Di(Shrimant) (17).jpg in 5.19s
2025-07-17 18:12:03,082 - INFO - [79/271] Completed: Manisha Di(Shrimant) (17).jpg
2025-07-17 18:12:04,836 - INFO - Processed image saved to C:\Users\1uci1er\Desktop\AI Photo Editing\Photos\color_graded_output\Manisha Di(Shrimant) (170).jpg in 4.48s
2025-07-17 18:12:04,847 - INFO - [80/271] Completed: Manisha Di(Shrimant) (170).jpg
2025-07-17 18:12:06,664 - INFO - Processed image saved to C:\Users\1uci1er\Desktop\AI Photo Editing\Photos\color_graded_output\Manisha Di(Shrimant) (172).jpg in 4.06s
2025-07-17 18:12:06,665 - INFO - Processed image saved to C:\Users\1uci1er\Desktop\AI Photo Editing\Photos\color_graded_output\Manisha Di(Shrimant) (171).jpg in 4.68s
2025-07-17 18:12:06,675 - INFO - [81/271] Completed: Manisha Di(Shrimant) (172).jpg
2025-07-17 18:12:06,677 - INFO - [82/271] Completed: Manisha Di(Shrimant) (171).jpg
2025-07-17 18:12:07,043 - INFO - Processed image saved to C:\Users\1uci1er\Desktop\AI Photo Editing\Photos\color_graded_output\Manisha Di(Shrimant) (173).jpg in 3.96s
2025-07-17 18:12:07,057 - INFO - [83/271] Completed: Manisha Di(Shrimant) (173).jpg
2025-07-17 18:12:09,053 - INFO - Processed image saved to C:\Users\1uci1er\Desktop\AI Photo Editing\Photos\color_graded_output\Manisha Di(Shrimant) (174).jpg in 4.20s
2025-07-17 18:12:09,059 - INFO - [84/271] Completed: Manisha Di(Shrimant) (174).jpg
2025-07-17 18:12:10,671 - INFO - Processed image saved to C:\Users\1uci1er\Desktop\AI Photo Editing\Photos\color_graded_output\Manisha Di(Shrimant) (176).jpg in 3.99s
2025-07-17 18:12:10,684 - INFO - [85/271] Completed: Manisha Di(Shrimant) (176).jpg
2025-07-17 18:12:12,442 - INFO - Processed image saved to C:\Users\1uci1er\Desktop\AI Photo Editing\Photos\color_graded_output\Manisha Di(Shrimant) (175).jpg in 5.76s
2025-07-17 18:12:12,490 - INFO - [86/271] Completed: Manisha Di(Shrimant) (175).jpg
2025-07-17 18:12:15,624 - INFO - Processed image saved to C:\Users\1uci1er\Desktop\AI Photo Editing\Photos\color_graded_output\Manisha Di(Shrimant) (179).jpg in 4.93s
2025-07-17 18:12:15,669 - INFO - [87/271] Completed: Manisha Di(Shrimant) (179).jpg
2025-07-17 18:12:16,225 - INFO - Processed image saved to C:\Users\1uci1er\Desktop\AI Photo Editing\Photos\color_graded_output\Manisha Di(Shrimant) (178).jpg in 7.16s
2025-07-17 18:12:16,239 - INFO - [88/271] Completed: Manisha Di(Shrimant) (178).jpg
2025-07-17 18:12:17,153 - INFO - Processed image saved to C:\Users\1uci1er\Desktop\AI Photo Editing\Photos\color_graded_output\Manisha Di(Shrimant) (177).jpg in 10.09s
2025-07-17 18:12:17,158 - INFO - [89/271] Completed: Manisha Di(Shrimant) (177).jpg
2025-07-17 18:12:17,571 - INFO - Processed image saved to C:\Users\1uci1er\Desktop\AI Photo Editing\Photos\color_graded_output\Manisha Di(Shrimant) (18).jpg in 5.08s
2025-07-17 18:12:17,580 - INFO - [90/271] Completed: Manisha Di(Shrimant) (18).jpg
2025-07-17 18:12:21,551 - INFO - Processed image saved to C:\Users\1uci1er\Desktop\AI Photo Editing\Photos\color_graded_output\Manisha Di(Shrimant) (182).jpg in 4.39s
2025-07-17 18:12:21,556 - INFO - [91/271] Completed: Manisha Di(Shrimant) (182).jpg
2025-07-17 18:12:21,893 - INFO - Processed image saved to C:\Users\1uci1er\Desktop\AI Photo Editing\Photos\color_graded_output\Manisha Di(Shrimant) (181).jpg in 5.65s
2025-07-17 18:12:21,906 - INFO - [92/271] Completed: Manisha Di(Shrimant) (181).jpg
2025-07-17 18:12:22,201 - INFO - Processed image saved to C:\Users\1uci1er\Desktop\AI Photo Editing\Photos\color_graded_output\Manisha Di(Shrimant) (180).jpg in 6.53s
2025-07-17 18:12:22,213 - INFO - [93/271] Completed: Manisha Di(Shrimant) (180).jpg
2025-07-17 18:12:22,733 - INFO - Processed image saved to C:\Users\1uci1er\Desktop\AI Photo Editing\Photos\color_graded_output\Manisha Di(Shrimant) (183).jpg in 5.15s
2025-07-17 18:12:22,739 - INFO - [94/271] Completed: Manisha Di(Shrimant) (183).jpg
2025-07-17 18:12:26,504 - INFO - Processed image saved to C:\Users\1uci1er\Desktop\AI Photo Editing\Photos\color_graded_output\Manisha Di(Shrimant) (184).jpg in 4.95s
2025-07-17 18:12:26,513 - INFO - [95/271] Completed: Manisha Di(Shrimant) (184).jpg
2025-07-17 18:12:27,403 - INFO - Processed image saved to C:\Users\1uci1er\Desktop\AI Photo Editing\Photos\color_graded_output\Manisha Di(Shrimant) (186).jpg in 5.19s
2025-07-17 18:12:27,415 - INFO - [96/271] Completed: Manisha Di(Shrimant) (186).jpg
2025-07-17 18:12:27,510 - INFO - Processed image saved to C:\Users\1uci1er\Desktop\AI Photo Editing\Photos\color_graded_output\Manisha Di(Shrimant) (185).jpg in 5.60s
2025-07-17 18:12:27,518 - INFO - [97/271] Completed: Manisha Di(Shrimant) (185).jpg
2025-07-17 18:12:27,731 - INFO - Processed image saved to C:\Users\1uci1er\Desktop\AI Photo Editing\Photos\color_graded_output\Manisha Di(Shrimant) (187).jpg in 4.99s
2025-07-17 18:12:27,752 - INFO - [98/271] Completed: Manisha Di(Shrimant) (187).jpg
2025-07-17 18:12:32,213 - INFO - Processed image saved to C:\Users\1uci1er\Desktop\AI Photo Editing\Photos\color_graded_output\Manisha Di(Shrimant) (189).jpg in 4.79s
2025-07-17 18:12:32,222 - INFO - [99/271] Completed: Manisha Di(Shrimant) (189).jpg
2025-07-17 18:12:34,024 - INFO - Processed image saved to C:\Users\1uci1er\Desktop\AI Photo Editing\Photos\color_graded_output\Manisha Di(Shrimant) (190).jpg in 6.27s
2025-07-17 18:12:34,037 - INFO - [100/271] Completed: Manisha Di(Shrimant) (190).jpg
2025-07-17 18:12:35,485 - INFO - Processed image saved to C:\Users\1uci1er\Desktop\AI Photo Editing\Photos\color_graded_output\Manisha Di(Shrimant) (19).jpg in 7.96s
2025-07-17 18:12:35,496 - INFO - [101/271] Completed: Manisha Di(Shrimant) (19).jpg
2025-07-17 18:12:36,003 - INFO - Processed image saved to C:\Users\1uci1er\Desktop\AI Photo Editing\Photos\color_graded_output\Manisha Di(Shrimant) (188).jpg in 9.49s
2025-07-17 18:12:36,012 - INFO - [102/271] Completed: Manisha Di(Shrimant) (188).jpg
2025-07-17 18:12:36,799 - INFO - Processed image saved to C:\Users\1uci1er\Desktop\AI Photo Editing\Photos\color_graded_output\Manisha Di(Shrimant) (191).jpg in 4.57s
2025-07-17 18:12:36,813 - INFO - [103/271] Completed: Manisha Di(Shrimant) (191).jpg
2025-07-17 18:12:40,337 - INFO - Processed image saved to C:\Users\1uci1er\Desktop\AI Photo Editing\Photos\color_graded_output\Manisha Di(Shrimant) (192).jpg in 6.30s
2025-07-17 18:12:40,349 - INFO - [104/271] Completed: Manisha Di(Shrimant) (192).jpg
2025-07-17 18:12:40,515 - INFO - Processed image saved to C:\Users\1uci1er\Desktop\AI Photo Editing\Photos\color_graded_output\Manisha Di(Shrimant) (193).jpg in 5.02s
2025-07-17 18:12:40,521 - INFO - [105/271] Completed: Manisha Di(Shrimant) (193).jpg
2025-07-17 18:12:40,652 - INFO - Processed image saved to C:\Users\1uci1er\Desktop\AI Photo Editing\Photos\color_graded_output\Manisha Di(Shrimant) (194).jpg in 4.64s
2025-07-17 18:12:40,663 - INFO - [106/271] Completed: Manisha Di(Shrimant) (194).jpg
2025-07-17 18:12:40,775 - INFO - Processed image saved to C:\Users\1uci1er\Desktop\AI Photo Editing\Photos\color_graded_output\Manisha Di(Shrimant) (195).jpg in 3.96s
2025-07-17 18:12:40,781 - INFO - [107/271] Completed: Manisha Di(Shrimant) (195).jpg
2025-07-17 18:12:44,887 - INFO - Processed image saved to C:\Users\1uci1er\Desktop\AI Photo Editing\Photos\color_graded_output\Manisha Di(Shrimant) (197).jpg in 4.36s
2025-07-17 18:12:44,897 - INFO - [108/271] Completed: Manisha Di(Shrimant) (197).jpg
2025-07-17 18:12:45,261 - INFO - Processed image saved to C:\Users\1uci1er\Desktop\AI Photo Editing\Photos\color_graded_output\Manisha Di(Shrimant) (198).jpg in 4.60s
2025-07-17 18:12:45,267 - INFO - [109/271] Completed: Manisha Di(Shrimant) (198).jpg
2025-07-17 18:12:45,634 - INFO - Processed image saved to C:\Users\1uci1er\Desktop\AI Photo Editing\Photos\color_graded_output\Manisha Di(Shrimant) (196).jpg in 5.25s
2025-07-17 18:12:45,640 - INFO - [110/271] Completed: Manisha Di(Shrimant) (196).jpg
2025-07-17 18:12:45,650 - INFO - Processed image saved to C:\Users\1uci1er\Desktop\AI Photo Editing\Photos\color_graded_output\Manisha Di(Shrimant) (199).jpg in 4.87s
2025-07-17 18:12:45,658 - INFO - [111/271] Completed: Manisha Di(Shrimant) (199).jpg
2025-07-17 18:12:48,596 - INFO - Processed image saved to C:\Users\1uci1er\Desktop\AI Photo Editing\Photos\color_graded_output\Manisha Di(Shrimant) (2).jpg in 3.70s
2025-07-17 18:12:48,601 - INFO - [112/271] Completed: Manisha Di(Shrimant) (2).jpg
2025-07-17 18:12:51,178 - INFO - Processed image saved to C:\Users\1uci1er\Desktop\AI Photo Editing\Photos\color_graded_output\Manisha Di(Shrimant) (200).jpg in 5.53s
2025-07-17 18:12:51,189 - INFO - [113/271] Completed: Manisha Di(Shrimant) (200).jpg
2025-07-17 18:12:51,676 - INFO - Processed image saved to C:\Users\1uci1er\Desktop\AI Photo Editing\Photos\color_graded_output\Manisha Di(Shrimant) (201).jpg in 6.02s
2025-07-17 18:12:51,689 - INFO - [114/271] Completed: Manisha Di(Shrimant) (201).jpg
2025-07-17 18:12:52,575 - INFO - Processed image saved to C:\Users\1uci1er\Desktop\AI Photo Editing\Photos\color_graded_output\Manisha Di(Shrimant) (202).jpg in 3.97s
2025-07-17 18:12:52,580 - INFO - [115/271] Completed: Manisha Di(Shrimant) (202).jpg
2025-07-17 18:12:52,930 - INFO - Processed image saved to C:\Users\1uci1er\Desktop\AI Photo Editing\Photos\color_graded_output\Manisha Di(Shrimant) (20).jpg in 7.62s
2025-07-17 18:12:52,943 - INFO - [116/271] Completed: Manisha Di(Shrimant) (20).jpg
2025-07-17 18:12:55,983 - INFO - Processed image saved to C:\Users\1uci1er\Desktop\AI Photo Editing\Photos\color_graded_output\Manisha Di(Shrimant) (204).jpg in 4.29s
2025-07-17 18:12:55,994 - INFO - [117/271] Completed: Manisha Di(Shrimant) (204).jpg
2025-07-17 18:12:56,996 - INFO - Processed image saved to C:\Users\1uci1er\Desktop\AI Photo Editing\Photos\color_graded_output\Manisha Di(Shrimant) (205).jpg in 4.41s
2025-07-17 18:12:57,007 - INFO - [118/271] Completed: Manisha Di(Shrimant) (205).jpg
2025-07-17 18:12:57,841 - INFO - Processed image saved to C:\Users\1uci1er\Desktop\AI Photo Editing\Photos\color_graded_output\Manisha Di(Shrimant) (206).jpg in 4.89s
2025-07-17 18:12:57,846 - INFO - [119/271] Completed: Manisha Di(Shrimant) (206).jpg
2025-07-17 18:12:59,307 - INFO - Processed image saved to C:\Users\1uci1er\Desktop\AI Photo Editing\Photos\color_graded_output\Manisha Di(Shrimant) (203).jpg in 8.11s
2025-07-17 18:12:59,322 - INFO - [120/271] Completed: Manisha Di(Shrimant) (203).jpg
2025-07-17 18:13:00,600 - INFO - Processed image saved to C:\Users\1uci1er\Desktop\AI Photo Editing\Photos\color_graded_output\Manisha Di(Shrimant) (208).jpg in 3.59s
2025-07-17 18:13:00,613 - INFO - [121/271] Completed: Manisha Di(Shrimant) (208).jpg
2025-07-17 18:13:02,505 - INFO - Processed image saved to C:\Users\1uci1er\Desktop\AI Photo Editing\Photos\color_graded_output\Manisha Di(Shrimant) (207).jpg in 6.50s
2025-07-17 18:13:02,512 - INFO - [122/271] Completed: Manisha Di(Shrimant) (207).jpg
2025-07-17 18:13:04,481 - INFO - Processed image saved to C:\Users\1uci1er\Desktop\AI Photo Editing\Photos\color_graded_output\Manisha Di(Shrimant) (209).jpg in 6.63s
2025-07-17 18:13:04,485 - INFO - [123/271] Completed: Manisha Di(Shrimant) (209).jpg
2025-07-17 18:13:07,985 - INFO - Processed image saved to C:\Users\1uci1er\Desktop\AI Photo Editing\Photos\color_graded_output\Manisha Di(Shrimant) (211).jpg in 5.47s
2025-07-17 18:13:07,998 - INFO - [124/271] Completed: Manisha Di(Shrimant) (211).jpg
2025-07-17 18:13:09,647 - INFO - Processed image saved to C:\Users\1uci1er\Desktop\AI Photo Editing\Photos\color_graded_output\Manisha Di(Shrimant) (210).jpg in 9.03s
2025-07-17 18:13:09,669 - INFO - [125/271] Completed: Manisha Di(Shrimant) (210).jpg
2025-07-17 18:13:11,477 - INFO - Processed image saved to C:\Users\1uci1er\Desktop\AI Photo Editing\Photos\color_graded_output\Manisha Di(Shrimant) (212).jpg in 6.99s
2025-07-17 18:13:11,489 - INFO - [126/271] Completed: Manisha Di(Shrimant) (212).jpg
2025-07-17 18:13:12,360 - INFO - Processed image saved to C:\Users\1uci1er\Desktop\AI Photo Editing\Photos\color_graded_output\Manisha Di(Shrimant) (21).jpg in 13.03s
2025-07-17 18:13:12,366 - INFO - [127/271] Completed: Manisha Di(Shrimant) (21).jpg
2025-07-17 18:13:13,749 - INFO - Processed image saved to C:\Users\1uci1er\Desktop\AI Photo Editing\Photos\color_graded_output\Manisha Di(Shrimant) (213).jpg in 5.75s
2025-07-17 18:13:13,762 - INFO - [128/271] Completed: Manisha Di(Shrimant) (213).jpg
2025-07-17 18:13:14,522 - INFO - Processed image saved to C:\Users\1uci1er\Desktop\AI Photo Editing\Photos\color_graded_output\Manisha Di(Shrimant) (214).jpg in 4.85s
2025-07-17 18:13:14,534 - INFO - [129/271] Completed: Manisha Di(Shrimant) (214).jpg
2025-07-17 18:13:18,414 - INFO - Processed image saved to C:\Users\1uci1er\Desktop\AI Photo Editing\Photos\color_graded_output\Manisha Di(Shrimant) (215).jpg in 6.92s
2025-07-17 18:13:18,428 - INFO - [130/271] Completed: Manisha Di(Shrimant) (215).jpg
2025-07-17 18:13:20,182 - INFO - Processed image saved to C:\Users\1uci1er\Desktop\AI Photo Editing\Photos\color_graded_output\Manisha Di(Shrimant) (216).jpg in 7.81s
2025-07-17 18:13:20,194 - INFO - [131/271] Completed: Manisha Di(Shrimant) (216).jpg
2025-07-17 18:13:21,652 - INFO - Processed image saved to C:\Users\1uci1er\Desktop\AI Photo Editing\Photos\color_graded_output\Manisha Di(Shrimant) (217).jpg in 7.89s
2025-07-17 18:13:21,659 - INFO - [132/271] Completed: Manisha Di(Shrimant) (217).jpg
2025-07-17 18:13:24,127 - INFO - Processed image saved to C:\Users\1uci1er\Desktop\AI Photo Editing\Photos\color_graded_output\Manisha Di(Shrimant) (218).jpg in 9.58s
2025-07-17 18:13:24,134 - INFO - [133/271] Completed: Manisha Di(Shrimant) (218).jpg
2025-07-17 18:13:25,790 - INFO - Processed image saved to C:\Users\1uci1er\Desktop\AI Photo Editing\Photos\color_graded_output\Manisha Di(Shrimant) (219).jpg in 7.36s
2025-07-17 18:13:25,802 - INFO - [134/271] Completed: Manisha Di(Shrimant) (219).jpg
2025-07-17 18:13:26,623 - INFO - Processed image saved to C:\Users\1uci1er\Desktop\AI Photo Editing\Photos\color_graded_output\Manisha Di(Shrimant) (22).jpg in 6.41s
2025-07-17 18:13:26,637 - INFO - [135/271] Completed: Manisha Di(Shrimant) (22).jpg
2025-07-17 18:13:27,134 - INFO - Processed image saved to C:\Users\1uci1er\Desktop\AI Photo Editing\Photos\color_graded_output\Manisha Di(Shrimant) (220).jpg in 5.47s
2025-07-17 18:13:27,139 - INFO - [136/271] Completed: Manisha Di(Shrimant) (220).jpg
2025-07-17 18:13:31,143 - INFO - Processed image saved to C:\Users\1uci1er\Desktop\AI Photo Editing\Photos\color_graded_output\Manisha Di(Shrimant) (222).jpg in 5.33s
2025-07-17 18:13:31,149 - INFO - [137/271] Completed: Manisha Di(Shrimant) (222).jpg
2025-07-17 18:13:32,176 - INFO - Processed image saved to C:\Users\1uci1er\Desktop\AI Photo Editing\Photos\color_graded_output\Manisha Di(Shrimant) (223).jpg in 5.53s
2025-07-17 18:13:32,181 - INFO - [138/271] Completed: Manisha Di(Shrimant) (223).jpg
2025-07-17 18:13:32,516 - INFO - Processed image saved to C:\Users\1uci1er\Desktop\AI Photo Editing\Photos\color_graded_output\Manisha Di(Shrimant) (221).jpg in 8.38s
2025-07-17 18:13:32,530 - INFO - [139/271] Completed: Manisha Di(Shrimant) (221).jpg
2025-07-17 18:13:32,990 - INFO - Processed image saved to C:\Users\1uci1er\Desktop\AI Photo Editing\Photos\color_graded_output\Manisha Di(Shrimant) (224).jpg in 5.85s
2025-07-17 18:13:33,003 - INFO - [140/271] Completed: Manisha Di(Shrimant) (224).jpg
2025-07-17 18:13:36,292 - INFO - Processed image saved to C:\Users\1uci1er\Desktop\AI Photo Editing\Photos\color_graded_output\Manisha Di(Shrimant) (225).jpg in 5.14s
2025-07-17 18:13:36,304 - INFO - [141/271] Completed: Manisha Di(Shrimant) (225).jpg
2025-07-17 18:13:37,101 - INFO - Processed image saved to C:\Users\1uci1er\Desktop\AI Photo Editing\Photos\color_graded_output\Manisha Di(Shrimant) (226).jpg in 4.92s
2025-07-17 18:13:37,118 - INFO - [142/271] Completed: Manisha Di(Shrimant) (226).jpg
2025-07-17 18:13:37,962 - INFO - Processed image saved to C:\Users\1uci1er\Desktop\AI Photo Editing\Photos\color_graded_output\Manisha Di(Shrimant) (227).jpg in 5.42s
2025-07-17 18:13:37,971 - INFO - [143/271] Completed: Manisha Di(Shrimant) (227).jpg
2025-07-17 18:13:40,027 - INFO - Processed image saved to C:\Users\1uci1er\Desktop\AI Photo Editing\Photos\color_graded_output\Manisha Di(Shrimant) (228).jpg in 7.02s
2025-07-17 18:13:40,039 - INFO - [144/271] Completed: Manisha Di(Shrimant) (228).jpg
2025-07-17 18:13:41,280 - INFO - Processed image saved to C:\Users\1uci1er\Desktop\AI Photo Editing\Photos\color_graded_output\Manisha Di(Shrimant) (23).jpg in 4.16s
2025-07-17 18:13:41,291 - INFO - [145/271] Completed: Manisha Di(Shrimant) (23).jpg
2025-07-17 18:13:41,372 - INFO - Processed image saved to C:\Users\1uci1er\Desktop\AI Photo Editing\Photos\color_graded_output\Manisha Di(Shrimant) (229).jpg in 5.07s
2025-07-17 18:13:41,378 - INFO - [146/271] Completed: Manisha Di(Shrimant) (229).jpg
2025-07-17 18:13:42,868 - INFO - Processed image saved to C:\Users\1uci1er\Desktop\AI Photo Editing\Photos\color_graded_output\Manisha Di(Shrimant) (230).jpg in 4.89s
2025-07-17 18:13:42,880 - INFO - [147/271] Completed: Manisha Di(Shrimant) (230).jpg
2025-07-17 18:13:44,142 - INFO - Processed image saved to C:\Users\1uci1er\Desktop\AI Photo Editing\Photos\color_graded_output\Manisha Di(Shrimant) (231).jpg in 4.10s
2025-07-17 18:13:44,153 - INFO - [148/271] Completed: Manisha Di(Shrimant) (231).jpg
2025-07-17 18:13:48,052 - INFO - Processed image saved to C:\Users\1uci1er\Desktop\AI Photo Editing\Photos\color_graded_output\Manisha Di(Shrimant) (233).jpg in 6.67s
2025-07-17 18:13:48,052 - INFO - Processed image saved to C:\Users\1uci1er\Desktop\AI Photo Editing\Photos\color_graded_output\Manisha Di(Shrimant) (232).jpg in 6.76s
2025-07-17 18:13:48,057 - INFO - [149/271] Completed: Manisha Di(Shrimant) (233).jpg
2025-07-17 18:13:48,058 - INFO - [150/271] Completed: Manisha Di(Shrimant) (232).jpg
2025-07-17 18:13:48,666 - INFO - Processed image saved to C:\Users\1uci1er\Desktop\AI Photo Editing\Photos\color_graded_output\Manisha Di(Shrimant) (234).jpg in 5.77s
2025-07-17 18:13:48,672 - INFO - [151/271] Completed: Manisha Di(Shrimant) (234).jpg
2025-07-17 18:13:49,190 - INFO - Processed image saved to C:\Users\1uci1er\Desktop\AI Photo Editing\Photos\color_graded_output\Manisha Di(Shrimant) (235).jpg in 5.03s
2025-07-17 18:13:49,202 - INFO - [152/271] Completed: Manisha Di(Shrimant) (235).jpg
2025-07-17 18:13:52,446 - INFO - Processed image saved to C:\Users\1uci1er\Desktop\AI Photo Editing\Photos\color_graded_output\Manisha Di(Shrimant) (236).jpg in 4.38s
2025-07-17 18:13:52,458 - INFO - [153/271] Completed: Manisha Di(Shrimant) (236).jpg
2025-07-17 18:13:53,693 - INFO - Processed image saved to C:\Users\1uci1er\Desktop\AI Photo Editing\Photos\color_graded_output\Manisha Di(Shrimant) (239).jpg in 4.49s
2025-07-17 18:13:53,701 - INFO - [154/271] Completed: Manisha Di(Shrimant) (239).jpg
2025-07-17 18:13:53,930 - INFO - Processed image saved to C:\Users\1uci1er\Desktop\AI Photo Editing\Photos\color_graded_output\Manisha Di(Shrimant) (237).jpg in 5.87s
2025-07-17 18:13:53,943 - INFO - [155/271] Completed: Manisha Di(Shrimant) (237).jpg
2025-07-17 18:13:54,144 - INFO - Processed image saved to C:\Users\1uci1er\Desktop\AI Photo Editing\Photos\color_graded_output\Manisha Di(Shrimant) (238).jpg in 5.47s
2025-07-17 18:13:54,151 - INFO - [156/271] Completed: Manisha Di(Shrimant) (238).jpg
2025-07-17 18:13:58,926 - INFO - Processed image saved to C:\Users\1uci1er\Desktop\AI Photo Editing\Photos\color_graded_output\Manisha Di(Shrimant) (242).jpg in 4.77s
2025-07-17 18:13:58,932 - INFO - [157/271] Completed: Manisha Di(Shrimant) (242).jpg
2025-07-17 18:13:59,046 - INFO - Processed image saved to C:\Users\1uci1er\Desktop\AI Photo Editing\Photos\color_graded_output\Manisha Di(Shrimant) (24).jpg in 6.58s
2025-07-17 18:13:59,057 - INFO - [158/271] Completed: Manisha Di(Shrimant) (24).jpg
2025-07-17 18:13:59,289 - INFO - Processed image saved to C:\Users\1uci1er\Desktop\AI Photo Editing\Photos\color_graded_output\Manisha Di(Shrimant) (241).jpg in 5.34s
2025-07-17 18:13:59,302 - INFO - [159/271] Completed: Manisha Di(Shrimant) (241).jpg
2025-07-17 18:13:59,559 - INFO - Processed image saved to C:\Users\1uci1er\Desktop\AI Photo Editing\Photos\color_graded_output\Manisha Di(Shrimant) (240).jpg in 5.84s
2025-07-17 18:13:59,565 - INFO - [160/271] Completed: Manisha Di(Shrimant) (240).jpg
2025-07-17 18:14:03,122 - INFO - Processed image saved to C:\Users\1uci1er\Desktop\AI Photo Editing\Photos\color_graded_output\Manisha Di(Shrimant) (243).jpg in 4.19s
2025-07-17 18:14:03,457 - INFO - [161/271] Completed: Manisha Di(Shrimant) (243).jpg
2025-07-17 18:14:04,737 - INFO - Processed image saved to C:\Users\1uci1er\Desktop\AI Photo Editing\Photos\color_graded_output\Manisha Di(Shrimant) (245).jpg in 5.43s
2025-07-17 18:14:04,737 - INFO - Processed image saved to C:\Users\1uci1er\Desktop\AI Photo Editing\Photos\color_graded_output\Manisha Di(Shrimant) (246).jpg in 5.17s
2025-07-17 18:14:04,751 - INFO - [162/271] Completed: Manisha Di(Shrimant) (245).jpg
2025-07-17 18:14:04,754 - INFO - [163/271] Completed: Manisha Di(Shrimant) (246).jpg
2025-07-17 18:14:05,795 - INFO - Processed image saved to C:\Users\1uci1er\Desktop\AI Photo Editing\Photos\color_graded_output\Manisha Di(Shrimant) (244).jpg in 6.73s
2025-07-17 18:14:05,806 - INFO - [164/271] Completed: Manisha Di(Shrimant) (244).jpg
2025-07-17 18:14:07,146 - INFO - Processed image saved to C:\Users\1uci1er\Desktop\AI Photo Editing\Photos\color_graded_output\Manisha Di(Shrimant) (247).jpg in 3.68s
2025-07-17 18:14:07,157 - INFO - [165/271] Completed: Manisha Di(Shrimant) (247).jpg
2025-07-17 18:14:08,603 - INFO - Processed image saved to C:\Users\1uci1er\Desktop\AI Photo Editing\Photos\color_graded_output\Manisha Di(Shrimant) (248).jpg in 3.84s
2025-07-17 18:14:08,610 - INFO - [166/271] Completed: Manisha Di(Shrimant) (248).jpg
2025-07-17 18:14:10,063 - INFO - Processed image saved to C:\Users\1uci1er\Desktop\AI Photo Editing\Photos\color_graded_output\Manisha Di(Shrimant) (249).jpg in 5.30s
2025-07-17 18:14:10,080 - INFO - [167/271] Completed: Manisha Di(Shrimant) (249).jpg
2025-07-17 18:14:10,441 - INFO - Processed image saved to C:\Users\1uci1er\Desktop\AI Photo Editing\Photos\color_graded_output\Manisha Di(Shrimant) (25).jpg in 4.62s
2025-07-17 18:14:10,447 - INFO - [168/271] Completed: Manisha Di(Shrimant) (25).jpg
2025-07-17 18:14:11,452 - INFO - Processed image saved to C:\Users\1uci1er\Desktop\AI Photo Editing\Photos\color_graded_output\Manisha Di(Shrimant) (250).jpg in 4.27s
2025-07-17 18:14:11,464 - INFO - [169/271] Completed: Manisha Di(Shrimant) (250).jpg
2025-07-17 18:14:14,708 - INFO - Processed image saved to C:\Users\1uci1er\Desktop\AI Photo Editing\Photos\color_graded_output\Manisha Di(Shrimant) (251).jpg in 6.08s
2025-07-17 18:14:14,718 - INFO - [170/271] Completed: Manisha Di(Shrimant) (251).jpg
2025-07-17 18:14:15,302 - INFO - Processed image saved to C:\Users\1uci1er\Desktop\AI Photo Editing\Photos\color_graded_output\Manisha Di(Shrimant) (252).jpg in 5.22s
2025-07-17 18:14:15,677 - INFO - [171/271] Completed: Manisha Di(Shrimant) (252).jpg
2025-07-17 18:14:16,843 - INFO - Processed image saved to C:\Users\1uci1er\Desktop\AI Photo Editing\Photos\color_graded_output\Manisha Di(Shrimant) (254).jpg in 5.37s
2025-07-17 18:14:16,866 - INFO - [172/271] Completed: Manisha Di(Shrimant) (254).jpg
2025-07-17 18:14:18,184 - INFO - Processed image saved to C:\Users\1uci1er\Desktop\AI Photo Editing\Photos\color_graded_output\Manisha Di(Shrimant) (253).jpg in 7.73s
2025-07-17 18:14:18,508 - INFO - [173/271] Completed: Manisha Di(Shrimant) (253).jpg
2025-07-17 18:14:20,582 - INFO - Processed image saved to C:\Users\1uci1er\Desktop\AI Photo Editing\Photos\color_graded_output\Manisha Di(Shrimant) (256).jpg in 4.89s
2025-07-17 18:14:20,583 - INFO - Processed image saved to C:\Users\1uci1er\Desktop\AI Photo Editing\Photos\color_graded_output\Manisha Di(Shrimant) (255).jpg in 5.86s
2025-07-17 18:14:20,593 - INFO - [174/271] Completed: Manisha Di(Shrimant) (256).jpg
2025-07-17 18:14:20,595 - INFO - [175/271] Completed: Manisha Di(Shrimant) (255).jpg
2025-07-17 18:14:21,887 - INFO - Processed image saved to C:\Users\1uci1er\Desktop\AI Photo Editing\Photos\color_graded_output\Manisha Di(Shrimant) (257).jpg in 5.02s
2025-07-17 18:14:21,899 - INFO - [176/271] Completed: Manisha Di(Shrimant) (257).jpg
2025-07-17 18:14:23,158 - INFO - Processed image saved to C:\Users\1uci1er\Desktop\AI Photo Editing\Photos\color_graded_output\Manisha Di(Shrimant) (258).jpg in 4.64s
2025-07-17 18:14:23,179 - INFO - [177/271] Completed: Manisha Di(Shrimant) (258).jpg
2025-07-17 18:14:26,201 - INFO - Processed image saved to C:\Users\1uci1er\Desktop\AI Photo Editing\Photos\color_graded_output\Manisha Di(Shrimant) (26).jpg in 5.60s
2025-07-17 18:14:26,206 - INFO - [178/271] Completed: Manisha Di(Shrimant) (26).jpg
2025-07-17 18:14:26,695 - INFO - Processed image saved to C:\Users\1uci1er\Desktop\AI Photo Editing\Photos\color_graded_output\Manisha Di(Shrimant) (259).jpg in 6.10s
2025-07-17 18:14:26,705 - INFO - [179/271] Completed: Manisha Di(Shrimant) (259).jpg
2025-07-17 18:14:27,174 - INFO - Processed image saved to C:\Users\1uci1er\Desktop\AI Photo Editing\Photos\color_graded_output\Manisha Di(Shrimant) (261).jpg in 3.99s
2025-07-17 18:14:27,185 - INFO - [180/271] Completed: Manisha Di(Shrimant) (261).jpg
2025-07-17 18:14:27,412 - INFO - Processed image saved to C:\Users\1uci1er\Desktop\AI Photo Editing\Photos\color_graded_output\Manisha Di(Shrimant) (260).jpg in 5.51s
2025-07-17 18:14:27,425 - INFO - [181/271] Completed: Manisha Di(Shrimant) (260).jpg
2025-07-17 18:14:29,972 - INFO - Processed image saved to C:\Users\1uci1er\Desktop\AI Photo Editing\Photos\color_graded_output\Manisha Di(Shrimant) (262).jpg in 3.76s
2025-07-17 18:14:29,985 - INFO - [182/271] Completed: Manisha Di(Shrimant) (262).jpg
2025-07-17 18:14:31,638 - INFO - Processed image saved to C:\Users\1uci1er\Desktop\AI Photo Editing\Photos\color_graded_output\Manisha Di(Shrimant) (263).jpg in 4.93s
2025-07-17 18:14:31,645 - INFO - [183/271] Completed: Manisha Di(Shrimant) (263).jpg
2025-07-17 18:14:32,432 - INFO - Processed image saved to C:\Users\1uci1er\Desktop\AI Photo Editing\Photos\color_graded_output\Manisha Di(Shrimant) (264).jpg in 5.24s
2025-07-17 18:14:32,460 - INFO - [184/271] Completed: Manisha Di(Shrimant) (264).jpg
2025-07-17 18:14:33,702 - INFO - Processed image saved to C:\Users\1uci1er\Desktop\AI Photo Editing\Photos\color_graded_output\Manisha Di(Shrimant) (265).jpg in 6.27s
2025-07-17 18:14:33,716 - INFO - [185/271] Completed: Manisha Di(Shrimant) (265).jpg
2025-07-17 18:14:34,956 - INFO - Processed image saved to C:\Users\1uci1er\Desktop\AI Photo Editing\Photos\color_graded_output\Manisha Di(Shrimant) (266).jpg in 4.96s
2025-07-17 18:14:35,020 - INFO - [186/271] Completed: Manisha Di(Shrimant) (266).jpg
2025-07-17 18:14:36,055 - INFO - Processed image saved to C:\Users\1uci1er\Desktop\AI Photo Editing\Photos\color_graded_output\Manisha Di(Shrimant) (267).jpg in 4.40s
2025-07-17 18:14:36,344 - INFO - Processed image saved to C:\Users\1uci1er\Desktop\AI Photo Editing\Photos\color_graded_output\Manisha Di(Shrimant) (268).jpg in 3.88s
2025-07-17 18:14:36,348 - INFO - [187/271] Completed: Manisha Di(Shrimant) (267).jpg
2025-07-17 18:14:36,351 - INFO - [188/271] Completed: Manisha Di(Shrimant) (268).jpg
2025-07-17 18:14:38,295 - INFO - Processed image saved to C:\Users\1uci1er\Desktop\AI Photo Editing\Photos\color_graded_output\Manisha Di(Shrimant) (269).jpg in 4.57s
2025-07-17 18:14:38,311 - INFO - [189/271] Completed: Manisha Di(Shrimant) (269).jpg
2025-07-17 18:14:42,447 - INFO - Processed image saved to C:\Users\1uci1er\Desktop\AI Photo Editing\Photos\color_graded_output\Manisha Di(Shrimant) (27).jpg in 7.15s
2025-07-17 18:14:42,460 - INFO - [190/271] Completed: Manisha Di(Shrimant) (27).jpg
2025-07-17 18:14:44,102 - INFO - Processed image saved to C:\Users\1uci1er\Desktop\AI Photo Editing\Photos\color_graded_output\Manisha Di(Shrimant) (271).jpg in 7.75s
2025-07-17 18:14:44,137 - INFO - [191/271] Completed: Manisha Di(Shrimant) (271).jpg
2025-07-17 18:14:44,462 - INFO - Processed image saved to C:\Users\1uci1er\Desktop\AI Photo Editing\Photos\color_graded_output\Manisha Di(Shrimant) (28).jpg in 6.14s
2025-07-17 18:14:44,473 - INFO - [192/271] Completed: Manisha Di(Shrimant) (28).jpg
2025-07-17 18:14:44,835 - INFO - Processed image saved to C:\Users\1uci1er\Desktop\AI Photo Editing\Photos\color_graded_output\Manisha Di(Shrimant) (270).jpg in 8.48s
2025-07-17 18:14:44,849 - INFO - [193/271] Completed: Manisha Di(Shrimant) (270).jpg
2025-07-17 18:14:45,807 - INFO - Processed image saved to C:\Users\1uci1er\Desktop\AI Photo Editing\Photos\color_graded_output\Manisha Di(Shrimant) (29).jpg in 3.34s
2025-07-17 18:14:45,818 - INFO - [194/271] Completed: Manisha Di(Shrimant) (29).jpg
2025-07-17 18:14:47,727 - INFO - Processed image saved to C:\Users\1uci1er\Desktop\AI Photo Editing\Photos\color_graded_output\Manisha Di(Shrimant) (3).jpg in 3.58s
2025-07-17 18:14:47,738 - INFO - [195/271] Completed: Manisha Di(Shrimant) (3).jpg
2025-07-17 18:14:48,616 - INFO - Processed image saved to C:\Users\1uci1er\Desktop\AI Photo Editing\Photos\color_graded_output\Manisha Di(Shrimant) (30).jpg in 4.14s
2025-07-17 18:14:48,620 - INFO - [196/271] Completed: Manisha Di(Shrimant) (30).jpg
2025-07-17 18:14:49,069 - INFO - Processed image saved to C:\Users\1uci1er\Desktop\AI Photo Editing\Photos\color_graded_output\Manisha Di(Shrimant) (31).jpg in 4.22s
2025-07-17 18:14:49,080 - INFO - [197/271] Completed: Manisha Di(Shrimant) (31).jpg
2025-07-17 18:14:49,243 - INFO - Processed image saved to C:\Users\1uci1er\Desktop\AI Photo Editing\Photos\color_graded_output\Manisha Di(Shrimant) (32).jpg in 3.42s
2025-07-17 18:14:49,248 - INFO - [198/271] Completed: Manisha Di(Shrimant) (32).jpg
2025-07-17 18:14:51,540 - INFO - Processed image saved to C:\Users\1uci1er\Desktop\AI Photo Editing\Photos\color_graded_output\Manisha Di(Shrimant) (33).jpg in 3.80s
2025-07-17 18:14:51,552 - INFO - [199/271] Completed: Manisha Di(Shrimant) (33).jpg
2025-07-17 18:14:52,463 - INFO - Processed image saved to C:\Users\1uci1er\Desktop\AI Photo Editing\Photos\color_graded_output\Manisha Di(Shrimant) (34).jpg in 3.84s
2025-07-17 18:14:52,468 - INFO - Processed image saved to C:\Users\1uci1er\Desktop\AI Photo Editing\Photos\color_graded_output\Manisha Di(Shrimant) (35).jpg in 3.37s
2025-07-17 18:14:52,472 - INFO - [200/271] Completed: Manisha Di(Shrimant) (34).jpg
2025-07-17 18:14:52,475 - INFO - [201/271] Completed: Manisha Di(Shrimant) (35).jpg
2025-07-17 18:14:53,492 - INFO - Processed image saved to C:\Users\1uci1er\Desktop\AI Photo Editing\Photos\color_graded_output\Manisha Di(Shrimant) (36).jpg in 4.24s
2025-07-17 18:14:53,504 - INFO - [202/271] Completed: Manisha Di(Shrimant) (36).jpg
2025-07-17 18:14:54,958 - INFO - Processed image saved to C:\Users\1uci1er\Desktop\AI Photo Editing\Photos\color_graded_output\Manisha Di(Shrimant) (37).jpg in 3.40s
2025-07-17 18:14:54,968 - INFO - [203/271] Completed: Manisha Di(Shrimant) (37).jpg
2025-07-17 18:14:56,926 - INFO - Processed image saved to C:\Users\1uci1er\Desktop\AI Photo Editing\Photos\color_graded_output\Manisha Di(Shrimant) (4).jpg in 3.42s
2025-07-17 18:14:56,937 - INFO - [204/271] Completed: Manisha Di(Shrimant) (4).jpg
2025-07-17 18:14:57,795 - INFO - Processed image saved to C:\Users\1uci1er\Desktop\AI Photo Editing\Photos\color_graded_output\Manisha Di(Shrimant) (38).jpg in 5.31s
2025-07-17 18:14:57,809 - INFO - [205/271] Completed: Manisha Di(Shrimant) (38).jpg
2025-07-17 18:14:58,412 - INFO - Processed image saved to C:\Users\1uci1er\Desktop\AI Photo Editing\Photos\color_graded_output\Manisha Di(Shrimant) (39).jpg in 5.93s
2025-07-17 18:14:58,425 - INFO - [206/271] Completed: Manisha Di(Shrimant) (39).jpg
2025-07-17 18:14:59,208 - INFO - Processed image saved to C:\Users\1uci1er\Desktop\AI Photo Editing\Photos\color_graded_output\Manisha Di(Shrimant) (40).jpg in 4.24s
2025-07-17 18:14:59,224 - INFO - [207/271] Completed: Manisha Di(Shrimant) (40).jpg
2025-07-17 18:15:01,711 - INFO - Processed image saved to C:\Users\1uci1er\Desktop\AI Photo Editing\Photos\color_graded_output\Manisha Di(Shrimant) (42).jpg in 3.90s
2025-07-17 18:15:01,958 - INFO - [208/271] Completed: Manisha Di(Shrimant) (42).jpg
2025-07-17 18:15:02,248 - INFO - Processed image saved to C:\Users\1uci1er\Desktop\AI Photo Editing\Photos\color_graded_output\Manisha Di(Shrimant) (43).jpg in 3.82s
2025-07-17 18:15:02,253 - INFO - [209/271] Completed: Manisha Di(Shrimant) (43).jpg
2025-07-17 18:15:03,171 - INFO - Processed image saved to C:\Users\1uci1er\Desktop\AI Photo Editing\Photos\color_graded_output\Manisha Di(Shrimant) (41).jpg in 6.23s
2025-07-17 18:15:03,188 - INFO - [210/271] Completed: Manisha Di(Shrimant) (41).jpg
2025-07-17 18:15:03,865 - INFO - Processed image saved to C:\Users\1uci1er\Desktop\AI Photo Editing\Photos\color_graded_output\Manisha Di(Shrimant) (44).jpg in 4.63s
2025-07-17 18:15:03,878 - INFO - [211/271] Completed: Manisha Di(Shrimant) (44).jpg
2025-07-17 18:15:06,446 - INFO - Processed image saved to C:\Users\1uci1er\Desktop\AI Photo Editing\Photos\color_graded_output\Manisha Di(Shrimant) (46).jpg in 4.19s
2025-07-17 18:15:06,458 - INFO - [212/271] Completed: Manisha Di(Shrimant) (46).jpg
2025-07-17 18:15:06,955 - INFO - Processed image saved to C:\Users\1uci1er\Desktop\AI Photo Editing\Photos\color_graded_output\Manisha Di(Shrimant) (45).jpg in 4.99s
2025-07-17 18:15:06,960 - INFO - [213/271] Completed: Manisha Di(Shrimant) (45).jpg
2025-07-17 18:15:07,253 - INFO - Processed image saved to C:\Users\1uci1er\Desktop\AI Photo Editing\Photos\color_graded_output\Manisha Di(Shrimant) (47).jpg in 4.06s
2025-07-17 18:15:07,258 - INFO - [214/271] Completed: Manisha Di(Shrimant) (47).jpg
2025-07-17 18:15:07,530 - INFO - Processed image saved to C:\Users\1uci1er\Desktop\AI Photo Editing\Photos\color_graded_output\Manisha Di(Shrimant) (48).jpg in 3.65s
2025-07-17 18:15:07,542 - INFO - [215/271] Completed: Manisha Di(Shrimant) (48).jpg
2025-07-17 18:15:09,986 - INFO - Processed image saved to C:\Users\1uci1er\Desktop\AI Photo Editing\Photos\color_graded_output\Manisha Di(Shrimant) (49).jpg in 3.52s
2025-07-17 18:15:09,993 - INFO - [216/271] Completed: Manisha Di(Shrimant) (49).jpg
2025-07-17 18:15:11,937 - INFO - Processed image saved to C:\Users\1uci1er\Desktop\AI Photo Editing\Photos\color_graded_output\Manisha Di(Shrimant) (51).jpg in 4.39s
2025-07-17 18:15:11,944 - INFO - [217/271] Completed: Manisha Di(Shrimant) (51).jpg
2025-07-17 18:15:14,999 - INFO - Processed image saved to C:\Users\1uci1er\Desktop\AI Photo Editing\Photos\color_graded_output\Manisha Di(Shrimant) (52).jpg in 5.00s
2025-07-17 18:15:15,004 - INFO - [218/271] Completed: Manisha Di(Shrimant) (52).jpg
2025-07-17 18:15:17,377 - INFO - Processed image saved to C:\Users\1uci1er\Desktop\AI Photo Editing\Photos\color_graded_output\Manisha Di(Shrimant) (53).jpg in 5.43s
2025-07-17 18:15:17,381 - INFO - [219/271] Completed: Manisha Di(Shrimant) (53).jpg
2025-07-17 18:15:21,578 - INFO - Processed image saved to C:\Users\1uci1er\Desktop\AI Photo Editing\Photos\color_graded_output\Manisha Di(Shrimant) (5).jpg in 14.61s
2025-07-17 18:15:21,584 - INFO - [220/271] Completed: Manisha Di(Shrimant) (5).jpg
2025-07-17 18:15:22,235 - INFO - Processed image saved to C:\Users\1uci1er\Desktop\AI Photo Editing\Photos\color_graded_output\Manisha Di(Shrimant) (54).jpg in 7.23s
2025-07-17 18:15:22,240 - INFO - [221/271] Completed: Manisha Di(Shrimant) (54).jpg
2025-07-17 18:15:23,100 - INFO - Processed image saved to C:\Users\1uci1er\Desktop\AI Photo Editing\Photos\color_graded_output\Manisha Di(Shrimant) (50).jpg in 15.84s
2025-07-17 18:15:23,123 - INFO - [222/271] Completed: Manisha Di(Shrimant) (50).jpg
2025-07-17 18:15:23,449 - INFO - Processed image saved to C:\Users\1uci1er\Desktop\AI Photo Editing\Photos\color_graded_output\Manisha Di(Shrimant) (55).jpg in 6.07s
2025-07-17 18:15:23,460 - INFO - [223/271] Completed: Manisha Di(Shrimant) (55).jpg
2025-07-17 18:15:26,964 - INFO - Processed image saved to C:\Users\1uci1er\Desktop\AI Photo Editing\Photos\color_graded_output\Manisha Di(Shrimant) (56).jpg in 5.37s
2025-07-17 18:15:26,973 - INFO - [224/271] Completed: Manisha Di(Shrimant) (56).jpg
2025-07-17 18:15:28,715 - INFO - Processed image saved to C:\Users\1uci1er\Desktop\AI Photo Editing\Photos\color_graded_output\Manisha Di(Shrimant) (57).jpg in 6.47s
2025-07-17 18:15:28,724 - INFO - [225/271] Completed: Manisha Di(Shrimant) (57).jpg
2025-07-17 18:15:28,938 - INFO - Processed image saved to C:\Users\1uci1er\Desktop\AI Photo Editing\Photos\color_graded_output\Manisha Di(Shrimant) (59).jpg in 5.47s
2025-07-17 18:15:28,945 - INFO - [226/271] Completed: Manisha Di(Shrimant) (59).jpg
2025-07-17 18:15:30,998 - INFO - Processed image saved to C:\Users\1uci1er\Desktop\AI Photo Editing\Photos\color_graded_output\Manisha Di(Shrimant) (58).jpg in 7.87s
2025-07-17 18:15:31,004 - INFO - [227/271] Completed: Manisha Di(Shrimant) (58).jpg
2025-07-17 18:15:34,623 - INFO - Processed image saved to C:\Users\1uci1er\Desktop\AI Photo Editing\Photos\color_graded_output\Manisha Di(Shrimant) (60).jpg in 5.89s
2025-07-17 18:15:34,700 - INFO - [228/271] Completed: Manisha Di(Shrimant) (60).jpg
2025-07-17 18:15:35,164 - INFO - Processed image saved to C:\Users\1uci1er\Desktop\AI Photo Editing\Photos\color_graded_output\Manisha Di(Shrimant) (61).jpg in 6.22s
2025-07-17 18:15:35,175 - INFO - [229/271] Completed: Manisha Di(Shrimant) (61).jpg
2025-07-17 18:15:36,990 - INFO - Processed image saved to C:\Users\1uci1er\Desktop\AI Photo Editing\Photos\color_graded_output\Manisha Di(Shrimant) (62).jpg in 5.98s
2025-07-17 18:15:37,002 - INFO - [230/271] Completed: Manisha Di(Shrimant) (62).jpg
2025-07-17 18:15:37,606 - INFO - Processed image saved to C:\Users\1uci1er\Desktop\AI Photo Editing\Photos\color_graded_output\Manisha Di(Shrimant) (6).jpg in 10.63s
2025-07-17 18:15:37,612 - INFO - [231/271] Completed: Manisha Di(Shrimant) (6).jpg
2025-07-17 18:15:40,162 - INFO - Processed image saved to C:\Users\1uci1er\Desktop\AI Photo Editing\Photos\color_graded_output\Manisha Di(Shrimant) (64).jpg in 4.98s
2025-07-17 18:15:40,174 - INFO - [232/271] Completed: Manisha Di(Shrimant) (64).jpg
2025-07-17 18:15:40,379 - INFO - Processed image saved to C:\Users\1uci1er\Desktop\AI Photo Editing\Photos\color_graded_output\Manisha Di(Shrimant) (63).jpg in 5.67s
2025-07-17 18:15:40,385 - INFO - [233/271] Completed: Manisha Di(Shrimant) (63).jpg
2025-07-17 18:15:42,521 - INFO - Processed image saved to C:\Users\1uci1er\Desktop\AI Photo Editing\Photos\color_graded_output\Manisha Di(Shrimant) (66).jpg in 4.90s
2025-07-17 18:15:42,532 - INFO - [234/271] Completed: Manisha Di(Shrimant) (66).jpg
2025-07-17 18:15:43,527 - INFO - Processed image saved to C:\Users\1uci1er\Desktop\AI Photo Editing\Photos\color_graded_output\Manisha Di(Shrimant) (65).jpg in 6.51s
2025-07-17 18:15:43,538 - INFO - [235/271] Completed: Manisha Di(Shrimant) (65).jpg
2025-07-17 18:15:45,971 - INFO - Processed image saved to C:\Users\1uci1er\Desktop\AI Photo Editing\Photos\color_graded_output\Manisha Di(Shrimant) (67).jpg in 5.79s
2025-07-17 18:15:45,987 - INFO - [236/271] Completed: Manisha Di(Shrimant) (67).jpg
2025-07-17 18:15:46,496 - INFO - Processed image saved to C:\Users\1uci1er\Desktop\AI Photo Editing\Photos\color_graded_output\Manisha Di(Shrimant) (68).jpg in 6.11s
2025-07-17 18:15:46,502 - INFO - [237/271] Completed: Manisha Di(Shrimant) (68).jpg
2025-07-17 18:15:47,450 - INFO - Processed image saved to C:\Users\1uci1er\Desktop\AI Photo Editing\Photos\color_graded_output\Manisha Di(Shrimant) (69).jpg in 4.91s
2025-07-17 18:15:47,464 - INFO - [238/271] Completed: Manisha Di(Shrimant) (69).jpg
2025-07-17 18:15:50,095 - INFO - Processed image saved to C:\Users\1uci1er\Desktop\AI Photo Editing\Photos\color_graded_output\Manisha Di(Shrimant) (7).jpg in 6.55s
2025-07-17 18:15:50,113 - INFO - [239/271] Completed: Manisha Di(Shrimant) (7).jpg
2025-07-17 18:15:51,260 - INFO - Processed image saved to C:\Users\1uci1er\Desktop\AI Photo Editing\Photos\color_graded_output\Manisha Di(Shrimant) (70).jpg in 5.27s
2025-07-17 18:15:51,269 - INFO - [240/271] Completed: Manisha Di(Shrimant) (70).jpg
2025-07-17 18:15:51,327 - INFO - Processed image saved to C:\Users\1uci1er\Desktop\AI Photo Editing\Photos\color_graded_output\Manisha Di(Shrimant) (71).jpg in 4.82s
2025-07-17 18:15:51,332 - INFO - [241/271] Completed: Manisha Di(Shrimant) (71).jpg
2025-07-17 18:15:54,799 - INFO - Starting interactive mode
2025-07-17 18:15:54,904 - INFO - Processed image saved to C:\Users\1uci1er\Desktop\AI Photo Editing\Photos\color_graded_output\Manisha Di(Shrimant) (73).jpg in 4.79s
2025-07-17 18:15:54,910 - INFO - [242/271] Completed: Manisha Di(Shrimant) (73).jpg
2025-07-17 18:15:56,134 - INFO - Processed image saved to C:\Users\1uci1er\Desktop\AI Photo Editing\Photos\color_graded_output\Manisha Di(Shrimant) (75).jpg in 4.80s
2025-07-17 18:15:56,142 - INFO - [243/271] Completed: Manisha Di(Shrimant) (75).jpg
2025-07-17 18:15:56,640 - INFO - Processed image saved to C:\Users\1uci1er\Desktop\AI Photo Editing\Photos\color_graded_output\Manisha Di(Shrimant) (72).jpg in 9.17s
2025-07-17 18:15:56,651 - INFO - [244/271] Completed: Manisha Di(Shrimant) (72).jpg
2025-07-17 18:15:57,664 - INFO - Processed image saved to C:\Users\1uci1er\Desktop\AI Photo Editing\Photos\color_graded_output\Manisha Di(Shrimant) (74).jpg in 6.39s
2025-07-17 18:15:57,690 - INFO - [245/271] Completed: Manisha Di(Shrimant) (74).jpg
2025-07-17 18:15:59,960 - INFO - Processed image saved to C:\Users\1uci1er\Desktop\AI Photo Editing\Photos\color_graded_output\Manisha Di(Shrimant) (76).jpg in 5.05s
2025-07-17 18:15:59,973 - INFO - [246/271] Completed: Manisha Di(Shrimant) (76).jpg
2025-07-17 18:16:01,153 - INFO - Processed image saved to C:\Users\1uci1er\Desktop\AI Photo Editing\Photos\color_graded_output\Manisha Di(Shrimant) (77).jpg in 5.00s
2025-07-17 18:16:01,164 - INFO - [247/271] Completed: Manisha Di(Shrimant) (77).jpg
2025-07-17 18:16:01,597 - INFO - Processed image saved to C:\Users\1uci1er\Desktop\AI Photo Editing\Photos\color_graded_output\Manisha Di(Shrimant) (78).jpg in 4.94s
2025-07-17 18:16:01,609 - INFO - [248/271] Completed: Manisha Di(Shrimant) (78).jpg
2025-07-17 18:16:02,958 - INFO - Processed image saved to C:\Users\1uci1er\Desktop\AI Photo Editing\Photos\color_graded_output\Manisha Di(Shrimant) (79).jpg in 5.26s
2025-07-17 18:16:02,964 - INFO - [249/271] Completed: Manisha Di(Shrimant) (79).jpg
2025-07-17 18:16:04,934 - INFO - Processed image saved to C:\Users\1uci1er\Desktop\AI Photo Editing\Photos\color_graded_output\Manisha Di(Shrimant) (8).jpg in 4.96s
2025-07-17 18:16:04,939 - INFO - [250/271] Completed: Manisha Di(Shrimant) (8).jpg
2025-07-17 18:16:06,673 - INFO - Processed image saved to C:\Users\1uci1er\Desktop\AI Photo Editing\Photos\color_graded_output\Manisha Di(Shrimant) (81).jpg in 5.06s
2025-07-17 18:16:06,685 - INFO - [251/271] Completed: Manisha Di(Shrimant) (81).jpg
2025-07-17 18:16:06,781 - INFO - Processed image saved to C:\Users\1uci1er\Desktop\AI Photo Editing\Photos\color_graded_output\Manisha Di(Shrimant) (80).jpg in 5.61s
2025-07-17 18:16:06,787 - INFO - [252/271] Completed: Manisha Di(Shrimant) (80).jpg
2025-07-17 18:16:07,521 - INFO - Processed image saved to C:\Users\1uci1er\Desktop\AI Photo Editing\Photos\color_graded_output\Manisha Di(Shrimant) (82).jpg in 4.55s
2025-07-17 18:16:07,535 - INFO - [253/271] Completed: Manisha Di(Shrimant) (82).jpg
2025-07-17 18:16:10,302 - INFO - Processed image saved to C:\Users\1uci1er\Desktop\AI Photo Editing\Photos\color_graded_output\Manisha Di(Shrimant) (84).jpg in 3.61s
2025-07-17 18:16:10,314 - INFO - [254/271] Completed: Manisha Di(Shrimant) (84).jpg
2025-07-17 18:16:11,660 - INFO - Processed image saved to C:\Users\1uci1er\Desktop\AI Photo Editing\Photos\color_graded_output\Manisha Di(Shrimant) (83).jpg in 6.72s
2025-07-17 18:16:11,672 - INFO - [255/271] Completed: Manisha Di(Shrimant) (83).jpg
2025-07-17 18:16:11,847 - INFO - Processed image saved to C:\Users\1uci1er\Desktop\AI Photo Editing\Photos\color_graded_output\Manisha Di(Shrimant) (85).jpg in 5.06s
2025-07-17 18:16:11,858 - INFO - [256/271] Completed: Manisha Di(Shrimant) (85).jpg
2025-07-17 18:16:15,170 - INFO - Processed image saved to C:\Users\1uci1er\Desktop\AI Photo Editing\Photos\color_graded_output\Manisha Di(Shrimant) (86).jpg in 7.62s
2025-07-17 18:16:15,181 - INFO - [257/271] Completed: Manisha Di(Shrimant) (86).jpg
2025-07-17 18:16:15,673 - INFO - Processed image saved to C:\Users\1uci1er\Desktop\AI Photo Editing\Photos\color_graded_output\Manisha Di(Shrimant) (87).jpg in 5.36s
2025-07-17 18:16:15,692 - INFO - [258/271] Completed: Manisha Di(Shrimant) (87).jpg
2025-07-17 18:16:16,747 - INFO - Processed image saved to C:\Users\1uci1er\Desktop\AI Photo Editing\Photos\color_graded_output\Manisha Di(Shrimant) (89).jpg in 4.88s
2025-07-17 18:16:16,752 - INFO - [259/271] Completed: Manisha Di(Shrimant) (89).jpg
2025-07-17 18:16:16,950 - INFO - Processed image saved to C:\Users\1uci1er\Desktop\AI Photo Editing\Photos\color_graded_output\Manisha Di(Shrimant) (88).jpg in 5.27s
2025-07-17 18:16:16,962 - INFO - [260/271] Completed: Manisha Di(Shrimant) (88).jpg
2025-07-17 18:16:19,103 - INFO - Processed image saved to C:\Users\1uci1er\Desktop\AI Photo Editing\Photos\color_graded_output\Manisha Di(Shrimant) (9).jpg in 3.92s
2025-07-17 18:16:19,115 - INFO - [261/271] Completed: Manisha Di(Shrimant) (9).jpg
2025-07-17 18:16:21,140 - INFO - Processed image saved to C:\Users\1uci1er\Desktop\AI Photo Editing\Photos\color_graded_output\Manisha Di(Shrimant) (91).jpg in 4.38s
2025-07-17 18:16:21,152 - INFO - [262/271] Completed: Manisha Di(Shrimant) (91).jpg
2025-07-17 18:16:21,815 - INFO - Processed image saved to C:\Users\1uci1er\Desktop\AI Photo Editing\Photos\color_graded_output\Manisha Di(Shrimant) (92).jpg in 4.85s
2025-07-17 18:16:21,875 - INFO - [263/271] Completed: Manisha Di(Shrimant) (92).jpg
2025-07-17 18:16:22,284 - INFO - Processed image saved to C:\Users\1uci1er\Desktop\AI Photo Editing\Photos\color_graded_output\Manisha Di(Shrimant) (90).jpg in 6.59s
2025-07-17 18:16:22,295 - INFO - [264/271] Completed: Manisha Di(Shrimant) (90).jpg
2025-07-17 18:16:24,547 - INFO - Processed image saved to C:\Users\1uci1er\Desktop\AI Photo Editing\Photos\color_graded_output\Manisha Di(Shrimant) (94).jpg in 3.39s
2025-07-17 18:16:24,558 - INFO - [265/271] Completed: Manisha Di(Shrimant) (94).jpg
2025-07-17 18:16:25,477 - INFO - Processed image saved to C:\Users\1uci1er\Desktop\AI Photo Editing\Photos\color_graded_output\Manisha Di(Shrimant) (93).jpg in 6.35s
2025-07-17 18:16:25,482 - INFO - [266/271] Completed: Manisha Di(Shrimant) (93).jpg
2025-07-17 18:16:27,517 - INFO - Processed image saved to C:\Users\1uci1er\Desktop\AI Photo Editing\Photos\color_graded_output\Manisha Di(Shrimant) (95).jpg in 5.63s
2025-07-17 18:16:27,528 - INFO - [267/271] Completed: Manisha Di(Shrimant) (95).jpg
2025-07-17 18:16:28,970 - INFO - Processed image saved to C:\Users\1uci1er\Desktop\AI Photo Editing\Photos\color_graded_output\Manisha Di(Shrimant) (97).jpg in 4.41s
2025-07-17 18:16:28,991 - INFO - [268/271] Completed: Manisha Di(Shrimant) (97).jpg
2025-07-17 18:16:29,912 - INFO - Processed image saved to C:\Users\1uci1er\Desktop\AI Photo Editing\Photos\color_graded_output\Manisha Di(Shrimant) (96).jpg in 7.61s
2025-07-17 18:16:29,916 - INFO - [269/271] Completed: Manisha Di(Shrimant) (96).jpg
2025-07-17 18:16:30,180 - INFO - Processed image saved to C:\Users\1uci1er\Desktop\AI Photo Editing\Photos\color_graded_output\Manisha Di(Shrimant) (98).jpg in 4.69s
2025-07-17 18:16:30,191 - INFO - [270/271] Completed: Manisha Di(Shrimant) (98).jpg
2025-07-17 18:16:31,576 - INFO - Processed image saved to C:\Users\1uci1er\Desktop\AI Photo Editing\Photos\color_graded_output\Manisha Di(Shrimant) (99).jpg in 4.04s
2025-07-17 18:16:31,586 - INFO - [271/271] Completed: Manisha Di(Shrimant) (99).jpg
2025-07-17 18:16:31,593 - INFO - Batch processing completed in 341.71s
2025-07-17 18:16:31,594 - INFO - Summary: 240 successful, 31 failed
2025-07-17 18:16:47,879 - INFO - Selected preset: portrait
2025-07-17 18:16:53,712 - INFO - Processed image saved to C:\Users\1uci1er\Desktop\AI Photo Editing\Photos\Manisha Di(Shrimant) (1)_graded.jpg in 5.83s
2025-07-17 18:16:53,722 - INFO - Graded image saved to: C:\Users\1uci1er\Desktop\AI Photo Editing\Photos\Manisha Di(Shrimant) (1)_graded.jpg
2025-07-17 18:17:32,395 - INFO - Starting interactive mode
2025-07-17 18:17:45,223 - INFO - Selected preset: cinematic
2025-07-17 18:17:50,326 - INFO - Processed image saved to C:\Users\1uci1er\Desktop\AI Photo Editing\Photos\Manisha Di(Shrimant) (1)_graded.jpg in 5.10s
2025-07-17 18:17:50,337 - INFO - Graded image saved to: C:\Users\1uci1er\Desktop\AI Photo Editing\Photos\Manisha Di(Shrimant) (1)_graded.jpg
2025-07-17 18:19:56,182 - INFO - Starting interactive mode
2025-07-17 18:20:10,350 - INFO - Selected preset: landscape
2025-07-17 18:20:15,594 - INFO - Processed image saved to C:\Users\1uci1er\Desktop\AI Photo Editing\Photos\Manisha Di(Shrimant) (1)_graded.jpg in 5.24s
2025-07-17 18:20:15,604 - INFO - Graded image saved to: C:\Users\1uci1er\Desktop\AI Photo Editing\Photos\Manisha Di(Shrimant) (1)_graded.jpg
2025-07-17 18:21:59,370 - INFO - Starting interactive mode
2025-07-17 18:22:11,083 - INFO - Selected preset: vintage
2025-07-17 18:22:16,618 - INFO - Processed image saved to C:\Users\1uci1er\Desktop\AI Photo Editing\Photos\Manisha Di(Shrimant) (1)_graded.jpg in 5.53s
2025-07-17 18:22:16,629 - INFO - Graded image saved to: C:\Users\1uci1er\Desktop\AI Photo Editing\Photos\Manisha Di(Shrimant) (1)_graded.jpg
2025-07-17 18:22:43,640 - INFO - Starting interactive mode
2025-07-17 18:22:58,098 - INFO - Selected preset: modern
2025-07-17 18:23:03,239 - INFO - Processed image saved to C:\Users\1uci1er\Desktop\AI Photo Editing\Photos\Manisha Di(Shrimant) (1)_graded.jpg in 5.14s
2025-07-17 18:23:03,249 - INFO - Graded image saved to: C:\Users\1uci1er\Desktop\AI Photo Editing\Photos\Manisha Di(Shrimant) (1)_graded.jpg
2025-07-17 18:28:46,214 - INFO - Starting interactive mode
2025-07-17 18:28:56,877 - INFO - Selected preset: cinematic
2025-07-17 18:29:03,735 - ERROR - Error processing C:\Users\1uci1er\Desktop\AI Photo Editing\edit\Manisha Di(Shrimant) (121).jpg: PIL.Image.Image.save() got multiple values for keyword argument 'progressive'
2025-07-17 18:29:03,735 - ERROR - [1/32] Error processing Manisha Di(Shrimant) (121).jpg: PIL.Image.Image.save() got multiple values for keyword argument 'progressive'
2025-07-17 18:29:03,924 - ERROR - Error processing C:\Users\1uci1er\Desktop\AI Photo Editing\edit\Manisha Di(Shrimant) (123).jpg: PIL.Image.Image.save() got multiple values for keyword argument 'progressive'
2025-07-17 18:29:03,925 - ERROR - [2/32] Error processing Manisha Di(Shrimant) (123).jpg: PIL.Image.Image.save() got multiple values for keyword argument 'progressive'
2025-07-17 18:29:04,582 - ERROR - Error processing C:\Users\1uci1er\Desktop\AI Photo Editing\edit\Manisha Di(Shrimant) (122).jpg: PIL.Image.Image.save() got multiple values for keyword argument 'progressive'
2025-07-17 18:29:04,583 - ERROR - [3/32] Error processing Manisha Di(Shrimant) (122).jpg: PIL.Image.Image.save() got multiple values for keyword argument 'progressive'
2025-07-17 18:29:04,729 - INFO - Processed image saved to C:\Users\1uci1er\Desktop\AI Photo Editing\edit\color_graded_output\Manisha Di(Shrimant) (120).jpg in 7.84s
2025-07-17 18:29:04,743 - INFO - [4/32] Completed: Manisha Di(Shrimant) (120).jpg
2025-07-17 18:29:05,674 - ERROR - Error processing C:\Users\1uci1er\Desktop\AI Photo Editing\edit\Manisha Di(Shrimant) (124).jpg: PIL.Image.Image.save() got multiple values for keyword argument 'progressive'
2025-07-17 18:29:05,674 - ERROR - [5/32] Error processing Manisha Di(Shrimant) (124).jpg: PIL.Image.Image.save() got multiple values for keyword argument 'progressive'
2025-07-17 18:29:06,412 - ERROR - Error processing C:\Users\1uci1er\Desktop\AI Photo Editing\edit\Manisha Di(Shrimant) (125).jpg: PIL.Image.Image.save() got multiple values for keyword argument 'progressive'
2025-07-17 18:29:06,413 - ERROR - [6/32] Error processing Manisha Di(Shrimant) (125).jpg: PIL.Image.Image.save() got multiple values for keyword argument 'progressive'
2025-07-17 18:29:06,798 - ERROR - Error processing C:\Users\1uci1er\Desktop\AI Photo Editing\edit\Manisha Di(Shrimant) (126).jpg: PIL.Image.Image.save() got multiple values for keyword argument 'progressive'
2025-07-17 18:29:06,799 - ERROR - [7/32] Error processing Manisha Di(Shrimant) (126).jpg: PIL.Image.Image.save() got multiple values for keyword argument 'progressive'
2025-07-17 18:29:07,289 - ERROR - Error processing C:\Users\1uci1er\Desktop\AI Photo Editing\edit\Manisha Di(Shrimant) (127).jpg: PIL.Image.Image.save() got multiple values for keyword argument 'progressive'
2025-07-17 18:29:07,290 - ERROR - [8/32] Error processing Manisha Di(Shrimant) (127).jpg: PIL.Image.Image.save() got multiple values for keyword argument 'progressive'
2025-07-17 18:29:07,751 - ERROR - Error processing C:\Users\1uci1er\Desktop\AI Photo Editing\edit\Manisha Di(Shrimant) (128).jpg: PIL.Image.Image.save() got multiple values for keyword argument 'progressive'
2025-07-17 18:29:07,754 - ERROR - [9/32] Error processing Manisha Di(Shrimant) (128).jpg: PIL.Image.Image.save() got multiple values for keyword argument 'progressive'
2025-07-17 18:29:08,128 - ERROR - Error processing C:\Users\1uci1er\Desktop\AI Photo Editing\edit\Manisha Di(Shrimant) (129).jpg: PIL.Image.Image.save() got multiple values for keyword argument 'progressive'
2025-07-17 18:29:08,129 - ERROR - [10/32] Error processing Manisha Di(Shrimant) (129).jpg: PIL.Image.Image.save() got multiple values for keyword argument 'progressive'
2025-07-17 18:29:09,166 - ERROR - Error processing C:\Users\1uci1er\Desktop\AI Photo Editing\edit\Manisha Di(Shrimant) (130).jpg: PIL.Image.Image.save() got multiple values for keyword argument 'progressive'
2025-07-17 18:29:09,167 - ERROR - [11/32] Error processing Manisha Di(Shrimant) (130).jpg: PIL.Image.Image.save() got multiple values for keyword argument 'progressive'
2025-07-17 18:29:09,573 - ERROR - Error processing C:\Users\1uci1er\Desktop\AI Photo Editing\edit\Manisha Di(Shrimant) (132).jpg: PIL.Image.Image.save() got multiple values for keyword argument 'progressive'
2025-07-17 18:29:09,574 - ERROR - [12/32] Error processing Manisha Di(Shrimant) (132).jpg: PIL.Image.Image.save() got multiple values for keyword argument 'progressive'
2025-07-17 18:29:10,907 - ERROR - Error processing C:\Users\1uci1er\Desktop\AI Photo Editing\edit\Manisha Di(Shrimant) (134).jpg: PIL.Image.Image.save() got multiple values for keyword argument 'progressive'
2025-07-17 18:29:10,908 - ERROR - [13/32] Error processing Manisha Di(Shrimant) (134).jpg: PIL.Image.Image.save() got multiple values for keyword argument 'progressive'
2025-07-17 18:29:11,080 - ERROR - Error processing C:\Users\1uci1er\Desktop\AI Photo Editing\edit\Manisha Di(Shrimant) (131).jpg: PIL.Image.Image.save() got multiple values for keyword argument 'progressive'
2025-07-17 18:29:11,083 - ERROR - [14/32] Error processing Manisha Di(Shrimant) (131).jpg: PIL.Image.Image.save() got multiple values for keyword argument 'progressive'
2025-07-17 18:29:11,085 - ERROR - Error processing C:\Users\1uci1er\Desktop\AI Photo Editing\edit\Manisha Di(Shrimant) (133).jpg: PIL.Image.Image.save() got multiple values for keyword argument 'progressive'
2025-07-17 18:29:11,086 - ERROR - [15/32] Error processing Manisha Di(Shrimant) (133).jpg: PIL.Image.Image.save() got multiple values for keyword argument 'progressive'
2025-07-17 18:29:11,896 - ERROR - Error processing C:\Users\1uci1er\Desktop\AI Photo Editing\edit\Manisha Di(Shrimant) (135).jpg: PIL.Image.Image.save() got multiple values for keyword argument 'progressive'
2025-07-17 18:29:11,897 - ERROR - [16/32] Error processing Manisha Di(Shrimant) (135).jpg: PIL.Image.Image.save() got multiple values for keyword argument 'progressive'
2025-07-17 18:29:13,376 - ERROR - Error processing C:\Users\1uci1er\Desktop\AI Photo Editing\edit\Manisha Di(Shrimant) (138).jpg: PIL.Image.Image.save() got multiple values for keyword argument 'progressive'
2025-07-17 18:29:13,376 - ERROR - [17/32] Error processing Manisha Di(Shrimant) (138).jpg: PIL.Image.Image.save() got multiple values for keyword argument 'progressive'
2025-07-17 18:29:13,451 - ERROR - Error processing C:\Users\1uci1er\Desktop\AI Photo Editing\edit\Manisha Di(Shrimant) (137).jpg: PIL.Image.Image.save() got multiple values for keyword argument 'progressive'
2025-07-17 18:29:13,451 - ERROR - [18/32] Error processing Manisha Di(Shrimant) (137).jpg: PIL.Image.Image.save() got multiple values for keyword argument 'progressive'
2025-07-17 18:29:13,477 - ERROR - Error processing C:\Users\1uci1er\Desktop\AI Photo Editing\edit\Manisha Di(Shrimant) (136).jpg: PIL.Image.Image.save() got multiple values for keyword argument 'progressive'
2025-07-17 18:29:13,478 - ERROR - [19/32] Error processing Manisha Di(Shrimant) (136).jpg: PIL.Image.Image.save() got multiple values for keyword argument 'progressive'
2025-07-17 18:29:14,057 - ERROR - Error processing C:\Users\1uci1er\Desktop\AI Photo Editing\edit\Manisha Di(Shrimant) (139).jpg: PIL.Image.Image.save() got multiple values for keyword argument 'progressive'
2025-07-17 18:29:14,060 - ERROR - [20/32] Error processing Manisha Di(Shrimant) (139).jpg: PIL.Image.Image.save() got multiple values for keyword argument 'progressive'
2025-07-17 18:29:16,152 - ERROR - Error processing C:\Users\1uci1er\Desktop\AI Photo Editing\edit\Manisha Di(Shrimant) (142).jpg: PIL.Image.Image.save() got multiple values for keyword argument 'progressive'
2025-07-17 18:29:16,159 - ERROR - [21/32] Error processing Manisha Di(Shrimant) (142).jpg: PIL.Image.Image.save() got multiple values for keyword argument 'progressive'
2025-07-17 18:29:16,314 - ERROR - Error processing C:\Users\1uci1er\Desktop\AI Photo Editing\edit\Manisha Di(Shrimant) (140).jpg: PIL.Image.Image.save() got multiple values for keyword argument 'progressive'
2025-07-17 18:29:16,314 - ERROR - [22/32] Error processing Manisha Di(Shrimant) (140).jpg: PIL.Image.Image.save() got multiple values for keyword argument 'progressive'
2025-07-17 18:29:16,368 - ERROR - Error processing C:\Users\1uci1er\Desktop\AI Photo Editing\edit\Manisha Di(Shrimant) (141).jpg: PIL.Image.Image.save() got multiple values for keyword argument 'progressive'
2025-07-17 18:29:16,368 - ERROR - [23/32] Error processing Manisha Di(Shrimant) (141).jpg: PIL.Image.Image.save() got multiple values for keyword argument 'progressive'
2025-07-17 18:29:16,509 - ERROR - Error processing C:\Users\1uci1er\Desktop\AI Photo Editing\edit\Manisha Di(Shrimant) (143).jpg: PIL.Image.Image.save() got multiple values for keyword argument 'progressive'
2025-07-17 18:29:16,510 - ERROR - [24/32] Error processing Manisha Di(Shrimant) (143).jpg: PIL.Image.Image.save() got multiple values for keyword argument 'progressive'
2025-07-17 18:29:17,960 - ERROR - Error processing C:\Users\1uci1er\Desktop\AI Photo Editing\edit\Manisha Di(Shrimant) (144).jpg: PIL.Image.Image.save() got multiple values for keyword argument 'progressive'
2025-07-17 18:29:17,961 - ERROR - [25/32] Error processing Manisha Di(Shrimant) (144).jpg: PIL.Image.Image.save() got multiple values for keyword argument 'progressive'
2025-07-17 18:29:18,676 - ERROR - Error processing C:\Users\1uci1er\Desktop\AI Photo Editing\edit\Manisha Di(Shrimant) (146).jpg: PIL.Image.Image.save() got multiple values for keyword argument 'progressive'
2025-07-17 18:29:18,678 - ERROR - [26/32] Error processing Manisha Di(Shrimant) (146).jpg: PIL.Image.Image.save() got multiple values for keyword argument 'progressive'
2025-07-17 18:29:18,704 - ERROR - Error processing C:\Users\1uci1er\Desktop\AI Photo Editing\edit\Manisha Di(Shrimant) (145).jpg: PIL.Image.Image.save() got multiple values for keyword argument 'progressive'
2025-07-17 18:29:18,705 - ERROR - [27/32] Error processing Manisha Di(Shrimant) (145).jpg: PIL.Image.Image.save() got multiple values for keyword argument 'progressive'
2025-07-17 18:29:19,057 - ERROR - Error processing C:\Users\1uci1er\Desktop\AI Photo Editing\edit\Manisha Di(Shrimant) (147).jpg: PIL.Image.Image.save() got multiple values for keyword argument 'progressive'
2025-07-17 18:29:19,057 - ERROR - [28/32] Error processing Manisha Di(Shrimant) (147).jpg: PIL.Image.Image.save() got multiple values for keyword argument 'progressive'
2025-07-17 18:29:19,838 - ERROR - Error processing C:\Users\1uci1er\Desktop\AI Photo Editing\edit\Manisha Di(Shrimant) (148).jpg: PIL.Image.Image.save() got multiple values for keyword argument 'progressive'
2025-07-17 18:29:19,839 - ERROR - [29/32] Error processing Manisha Di(Shrimant) (148).jpg: PIL.Image.Image.save() got multiple values for keyword argument 'progressive'
2025-07-17 18:29:20,864 - ERROR - Error processing C:\Users\1uci1er\Desktop\AI Photo Editing\edit\Manisha Di(Shrimant) (150).jpg: PIL.Image.Image.save() got multiple values for keyword argument 'progressive'
2025-07-17 18:29:20,865 - ERROR - [30/32] Error processing Manisha Di(Shrimant) (150).jpg: PIL.Image.Image.save() got multiple values for keyword argument 'progressive'
2025-07-17 18:29:21,071 - ERROR - Error processing C:\Users\1uci1er\Desktop\AI Photo Editing\edit\Manisha Di(Shrimant) (149).jpg: PIL.Image.Image.save() got multiple values for keyword argument 'progressive'
2025-07-17 18:29:21,072 - ERROR - [31/32] Error processing Manisha Di(Shrimant) (149).jpg: PIL.Image.Image.save() got multiple values for keyword argument 'progressive'
2025-07-17 18:29:21,151 - ERROR - Error processing C:\Users\1uci1er\Desktop\AI Photo Editing\edit\Manisha Di(Shrimant) (151).jpg: PIL.Image.Image.save() got multiple values for keyword argument 'progressive'
2025-07-17 18:29:21,152 - ERROR - [32/32] Error processing Manisha Di(Shrimant) (151).jpg: PIL.Image.Image.save() got multiple values for keyword argument 'progressive'
2025-07-17 18:29:21,157 - INFO - Batch processing completed in 24.28s
2025-07-17 18:29:21,158 - INFO - Summary: 1 successful, 31 failed
2025-07-17 18:32:06,983 - INFO - Starting interactive mode
2025-07-17 18:32:19,309 - INFO - Selected preset: cinematic
2025-07-17 18:32:26,513 - ERROR - Error processing C:\Users\1uci1er\Desktop\AI Photo Editing\edit\Manisha Di(Shrimant) (121).jpg: PIL.Image.Image.save() got multiple values for keyword argument 'progressive'
2025-07-17 18:32:26,514 - ERROR - [1/33] Error processing Manisha Di(Shrimant) (121).jpg: PIL.Image.Image.save() got multiple values for keyword argument 'progressive'
2025-07-17 18:32:26,631 - ERROR - Error processing C:\Users\1uci1er\Desktop\AI Photo Editing\edit\Manisha Di(Shrimant) (123).jpg: PIL.Image.Image.save() got multiple values for keyword argument 'progressive'
2025-07-17 18:32:26,632 - ERROR - [2/33] Error processing Manisha Di(Shrimant) (123).jpg: PIL.Image.Image.save() got multiple values for keyword argument 'progressive'
2025-07-17 18:32:27,105 - ERROR - Error processing C:\Users\1uci1er\Desktop\AI Photo Editing\edit\Manisha Di(Shrimant) (122).jpg: PIL.Image.Image.save() got multiple values for keyword argument 'progressive'
2025-07-17 18:32:27,107 - ERROR - [3/33] Error processing Manisha Di(Shrimant) (122).jpg: PIL.Image.Image.save() got multiple values for keyword argument 'progressive'
2025-07-17 18:32:27,243 - INFO - Processed image saved to C:\Users\1uci1er\Desktop\AI Photo Editing\edit\color_graded_output\Manisha Di(Shrimant) (120).jpg in 7.92s
2025-07-17 18:32:27,268 - INFO - [4/33] Completed: Manisha Di(Shrimant) (120).jpg
2025-07-17 18:32:28,164 - ERROR - Error processing C:\Users\1uci1er\Desktop\AI Photo Editing\edit\Manisha Di(Shrimant) (124).jpg: PIL.Image.Image.save() got multiple values for keyword argument 'progressive'
2025-07-17 18:32:28,165 - ERROR - [5/33] Error processing Manisha Di(Shrimant) (124).jpg: PIL.Image.Image.save() got multiple values for keyword argument 'progressive'
2025-07-17 18:32:28,543 - ERROR - Error processing C:\Users\1uci1er\Desktop\AI Photo Editing\edit\Manisha Di(Shrimant) (125).jpg: PIL.Image.Image.save() got multiple values for keyword argument 'progressive'
2025-07-17 18:32:28,544 - ERROR - [6/33] Error processing Manisha Di(Shrimant) (125).jpg: PIL.Image.Image.save() got multiple values for keyword argument 'progressive'
2025-07-17 18:32:28,785 - ERROR - Error processing C:\Users\1uci1er\Desktop\AI Photo Editing\edit\Manisha Di(Shrimant) (126).jpg: PIL.Image.Image.save() got multiple values for keyword argument 'progressive'
2025-07-17 18:32:28,786 - ERROR - [7/33] Error processing Manisha Di(Shrimant) (126).jpg: PIL.Image.Image.save() got multiple values for keyword argument 'progressive'
2025-07-17 18:32:29,461 - ERROR - Error processing C:\Users\1uci1er\Desktop\AI Photo Editing\edit\Manisha Di(Shrimant) (127).jpg: PIL.Image.Image.save() got multiple values for keyword argument 'progressive'
2025-07-17 18:32:29,462 - ERROR - [8/33] Error processing Manisha Di(Shrimant) (127).jpg: PIL.Image.Image.save() got multiple values for keyword argument 'progressive'
2025-07-17 18:32:29,951 - ERROR - Error processing C:\Users\1uci1er\Desktop\AI Photo Editing\edit\Manisha Di(Shrimant) (128).jpg: PIL.Image.Image.save() got multiple values for keyword argument 'progressive'
2025-07-17 18:32:29,952 - ERROR - [9/33] Error processing Manisha Di(Shrimant) (128).jpg: PIL.Image.Image.save() got multiple values for keyword argument 'progressive'
2025-07-17 18:32:30,172 - ERROR - Error processing C:\Users\1uci1er\Desktop\AI Photo Editing\edit\Manisha Di(Shrimant) (129).jpg: PIL.Image.Image.save() got multiple values for keyword argument 'progressive'
2025-07-17 18:32:30,173 - ERROR - [10/33] Error processing Manisha Di(Shrimant) (129).jpg: PIL.Image.Image.save() got multiple values for keyword argument 'progressive'
2025-07-17 18:32:30,840 - ERROR - Error processing C:\Users\1uci1er\Desktop\AI Photo Editing\edit\Manisha Di(Shrimant) (130).jpg: PIL.Image.Image.save() got multiple values for keyword argument 'progressive'
2025-07-17 18:32:30,842 - ERROR - [11/33] Error processing Manisha Di(Shrimant) (130).jpg: PIL.Image.Image.save() got multiple values for keyword argument 'progressive'
2025-07-17 18:32:31,825 - ERROR - Error processing C:\Users\1uci1er\Desktop\AI Photo Editing\edit\Manisha Di(Shrimant) (132).jpg: PIL.Image.Image.save() got multiple values for keyword argument 'progressive'
2025-07-17 18:32:31,826 - ERROR - [12/33] Error processing Manisha Di(Shrimant) (132).jpg: PIL.Image.Image.save() got multiple values for keyword argument 'progressive'
2025-07-17 18:32:32,546 - ERROR - Error processing C:\Users\1uci1er\Desktop\AI Photo Editing\edit\Manisha Di(Shrimant) (134).jpg: PIL.Image.Image.save() got multiple values for keyword argument 'progressive'
2025-07-17 18:32:32,547 - ERROR - [13/33] Error processing Manisha Di(Shrimant) (134).jpg: PIL.Image.Image.save() got multiple values for keyword argument 'progressive'
2025-07-17 18:32:32,549 - ERROR - Error processing C:\Users\1uci1er\Desktop\AI Photo Editing\edit\Manisha Di(Shrimant) (131).jpg: PIL.Image.Image.save() got multiple values for keyword argument 'progressive'
2025-07-17 18:32:32,550 - ERROR - [14/33] Error processing Manisha Di(Shrimant) (131).jpg: PIL.Image.Image.save() got multiple values for keyword argument 'progressive'
2025-07-17 18:32:32,612 - ERROR - Error processing C:\Users\1uci1er\Desktop\AI Photo Editing\edit\Manisha Di(Shrimant) (133).jpg: PIL.Image.Image.save() got multiple values for keyword argument 'progressive'
2025-07-17 18:32:32,613 - ERROR - [15/33] Error processing Manisha Di(Shrimant) (133).jpg: PIL.Image.Image.save() got multiple values for keyword argument 'progressive'
2025-07-17 18:32:34,067 - ERROR - Error processing C:\Users\1uci1er\Desktop\AI Photo Editing\edit\Manisha Di(Shrimant) (135).jpg: PIL.Image.Image.save() got multiple values for keyword argument 'progressive'
2025-07-17 18:32:34,068 - ERROR - [16/33] Error processing Manisha Di(Shrimant) (135).jpg: PIL.Image.Image.save() got multiple values for keyword argument 'progressive'
2025-07-17 18:32:34,596 - ERROR - Error processing C:\Users\1uci1er\Desktop\AI Photo Editing\edit\Manisha Di(Shrimant) (138).jpg: PIL.Image.Image.save() got multiple values for keyword argument 'progressive'
2025-07-17 18:32:34,597 - ERROR - [17/33] Error processing Manisha Di(Shrimant) (138).jpg: PIL.Image.Image.save() got multiple values for keyword argument 'progressive'
2025-07-17 18:32:34,598 - ERROR - Error processing C:\Users\1uci1er\Desktop\AI Photo Editing\edit\Manisha Di(Shrimant) (137).jpg: PIL.Image.Image.save() got multiple values for keyword argument 'progressive'
2025-07-17 18:32:34,600 - ERROR - [18/33] Error processing Manisha Di(Shrimant) (137).jpg: PIL.Image.Image.save() got multiple values for keyword argument 'progressive'
2025-07-17 18:32:34,829 - ERROR - Error processing C:\Users\1uci1er\Desktop\AI Photo Editing\edit\Manisha Di(Shrimant) (136).jpg: PIL.Image.Image.save() got multiple values for keyword argument 'progressive'
2025-07-17 18:32:34,830 - ERROR - [19/33] Error processing Manisha Di(Shrimant) (136).jpg: PIL.Image.Image.save() got multiple values for keyword argument 'progressive'
2025-07-17 18:32:35,970 - ERROR - Error processing C:\Users\1uci1er\Desktop\AI Photo Editing\edit\Manisha Di(Shrimant) (139).jpg: PIL.Image.Image.save() got multiple values for keyword argument 'progressive'
2025-07-17 18:32:35,970 - ERROR - [20/33] Error processing Manisha Di(Shrimant) (139).jpg: PIL.Image.Image.save() got multiple values for keyword argument 'progressive'
2025-07-17 18:32:36,823 - ERROR - Error processing C:\Users\1uci1er\Desktop\AI Photo Editing\edit\Manisha Di(Shrimant) (141).jpg: PIL.Image.Image.save() got multiple values for keyword argument 'progressive'
2025-07-17 18:32:36,824 - ERROR - [21/33] Error processing Manisha Di(Shrimant) (141).jpg: PIL.Image.Image.save() got multiple values for keyword argument 'progressive'
2025-07-17 18:32:36,869 - ERROR - Error processing C:\Users\1uci1er\Desktop\AI Photo Editing\edit\Manisha Di(Shrimant) (140).jpg: PIL.Image.Image.save() got multiple values for keyword argument 'progressive'
2025-07-17 18:32:36,869 - ERROR - [22/33] Error processing Manisha Di(Shrimant) (140).jpg: PIL.Image.Image.save() got multiple values for keyword argument 'progressive'
2025-07-17 18:32:36,891 - ERROR - Error processing C:\Users\1uci1er\Desktop\AI Photo Editing\edit\Manisha Di(Shrimant) (142).jpg: PIL.Image.Image.save() got multiple values for keyword argument 'progressive'
2025-07-17 18:32:36,892 - ERROR - [23/33] Error processing Manisha Di(Shrimant) (142).jpg: PIL.Image.Image.save() got multiple values for keyword argument 'progressive'
2025-07-17 18:32:37,923 - ERROR - Error processing C:\Users\1uci1er\Desktop\AI Photo Editing\edit\Manisha Di(Shrimant) (143).jpg: PIL.Image.Image.save() got multiple values for keyword argument 'progressive'
2025-07-17 18:32:37,924 - ERROR - [24/33] Error processing Manisha Di(Shrimant) (143).jpg: PIL.Image.Image.save() got multiple values for keyword argument 'progressive'
2025-07-17 18:32:39,508 - ERROR - Error processing C:\Users\1uci1er\Desktop\AI Photo Editing\edit\Manisha Di(Shrimant) (144).jpg: PIL.Image.Image.save() got multiple values for keyword argument 'progressive'
2025-07-17 18:32:39,511 - ERROR - [25/33] Error processing Manisha Di(Shrimant) (144).jpg: PIL.Image.Image.save() got multiple values for keyword argument 'progressive'
2025-07-17 18:32:39,514 - ERROR - Error processing C:\Users\1uci1er\Desktop\AI Photo Editing\edit\Manisha Di(Shrimant) (146).jpg: PIL.Image.Image.save() got multiple values for keyword argument 'progressive'
2025-07-17 18:32:39,514 - ERROR - [26/33] Error processing Manisha Di(Shrimant) (146).jpg: PIL.Image.Image.save() got multiple values for keyword argument 'progressive'
2025-07-17 18:32:39,821 - ERROR - Error processing C:\Users\1uci1er\Desktop\AI Photo Editing\edit\Manisha Di(Shrimant) (145).jpg: PIL.Image.Image.save() got multiple values for keyword argument 'progressive'
2025-07-17 18:32:39,829 - ERROR - [27/33] Error processing Manisha Di(Shrimant) (145).jpg: PIL.Image.Image.save() got multiple values for keyword argument 'progressive'
2025-07-17 18:32:40,578 - ERROR - Error processing C:\Users\1uci1er\Desktop\AI Photo Editing\edit\Manisha Di(Shrimant) (147).jpg: PIL.Image.Image.save() got multiple values for keyword argument 'progressive'
2025-07-17 18:32:40,585 - ERROR - [28/33] Error processing Manisha Di(Shrimant) (147).jpg: PIL.Image.Image.save() got multiple values for keyword argument 'progressive'
2025-07-17 18:32:42,748 - ERROR - Error processing C:\Users\1uci1er\Desktop\AI Photo Editing\edit\Manisha Di(Shrimant) (148).jpg: PIL.Image.Image.save() got multiple values for keyword argument 'progressive'
2025-07-17 18:32:42,749 - ERROR - [29/33] Error processing Manisha Di(Shrimant) (148).jpg: PIL.Image.Image.save() got multiple values for keyword argument 'progressive'
2025-07-17 18:32:43,523 - ERROR - Error processing C:\Users\1uci1er\Desktop\AI Photo Editing\edit\Manisha Di(Shrimant) (150).jpg: PIL.Image.Image.save() got multiple values for keyword argument 'progressive'
2025-07-17 18:32:43,524 - ERROR - [30/33] Error processing Manisha Di(Shrimant) (150).jpg: PIL.Image.Image.save() got multiple values for keyword argument 'progressive'
2025-07-17 18:32:44,568 - ERROR - Error processing C:\Users\1uci1er\Desktop\AI Photo Editing\edit\Manisha Di(Shrimant) (149).jpg: PIL.Image.Image.save() got multiple values for keyword argument 'progressive'
2025-07-17 18:32:44,569 - ERROR - [31/33] Error processing Manisha Di(Shrimant) (149).jpg: PIL.Image.Image.save() got multiple values for keyword argument 'progressive'
2025-07-17 18:32:44,772 - ERROR - Error processing C:\Users\1uci1er\Desktop\AI Photo Editing\edit\Manisha Di(Shrimant) (151).jpg: PIL.Image.Image.save() got multiple values for keyword argument 'progressive'
2025-07-17 18:32:44,773 - ERROR - [32/33] Error processing Manisha Di(Shrimant) (151).jpg: PIL.Image.Image.save() got multiple values for keyword argument 'progressive'
2025-07-17 18:32:46,666 - ERROR - Error processing C:\Users\1uci1er\Desktop\AI Photo Editing\edit\color_graded_output\Manisha Di(Shrimant) (120).jpg: PIL.Image.Image.save() got multiple values for keyword argument 'progressive'
2025-07-17 18:32:46,667 - ERROR - [33/33] Error processing Manisha Di(Shrimant) (120).jpg: PIL.Image.Image.save() got multiple values for keyword argument 'progressive'
2025-07-17 18:32:46,678 - INFO - Batch processing completed in 27.36s
2025-07-17 18:32:46,679 - INFO - Summary: 1 successful, 32 failed
2025-07-17 18:34:23,263 - INFO - Starting interactive mode
2025-07-17 18:34:44,918 - INFO - Selected preset: cinematic
2025-07-17 18:34:44,920 - INFO - Starting batch processing of 33 images
2025-07-17 18:34:53,025 - INFO - Processed image saved to C:\Users\1uci1er\Desktop\AI Photo Editing\edit\color_graded_output\Manisha Di(Shrimant) (123).jpg in 8.10s
2025-07-17 18:34:53,029 - INFO - [1/33] Completed: Manisha Di(Shrimant) (123).jpg
2025-07-17 18:34:53,295 - INFO - Processed image saved to C:\Users\1uci1er\Desktop\AI Photo Editing\edit\color_graded_output\Manisha Di(Shrimant) (121).jpg in 8.37s
2025-07-17 18:34:53,338 - INFO - [2/33] Completed: Manisha Di(Shrimant) (121).jpg
2025-07-17 18:34:53,469 - INFO - Processed image saved to C:\Users\1uci1er\Desktop\AI Photo Editing\edit\color_graded_output\Manisha Di(Shrimant) (120).jpg in 8.54s
2025-07-17 18:34:53,481 - INFO - [3/33] Completed: Manisha Di(Shrimant) (120).jpg
2025-07-17 18:34:53,826 - INFO - Processed image saved to C:\Users\1uci1er\Desktop\AI Photo Editing\edit\color_graded_output\Manisha Di(Shrimant) (122).jpg in 8.90s
2025-07-17 18:34:53,839 - INFO - [4/33] Completed: Manisha Di(Shrimant) (122).jpg
2025-07-17 18:34:55,981 - INFO - Processed image saved to C:\Users\1uci1er\Desktop\AI Photo Editing\edit\color_graded_output\Manisha Di(Shrimant) (124).jpg in 2.95s
2025-07-17 18:34:55,992 - INFO - [5/33] Completed: Manisha Di(Shrimant) (124).jpg
2025-07-17 18:34:56,168 - INFO - Processed image saved to C:\Users\1uci1er\Desktop\AI Photo Editing\edit\color_graded_output\Manisha Di(Shrimant) (126).jpg in 2.69s
2025-07-17 18:34:56,178 - INFO - [6/33] Completed: Manisha Di(Shrimant) (126).jpg
2025-07-17 18:34:56,426 - INFO - Processed image saved to C:\Users\1uci1er\Desktop\AI Photo Editing\edit\color_graded_output\Manisha Di(Shrimant) (125).jpg in 3.08s
2025-07-17 18:34:56,438 - INFO - [7/33] Completed: Manisha Di(Shrimant) (125).jpg
2025-07-17 18:34:56,664 - INFO - Processed image saved to C:\Users\1uci1er\Desktop\AI Photo Editing\edit\color_graded_output\Manisha Di(Shrimant) (127).jpg in 2.82s
2025-07-17 18:34:56,676 - INFO - [8/33] Completed: Manisha Di(Shrimant) (127).jpg
2025-07-17 18:34:58,055 - INFO - Processed image saved to C:\Users\1uci1er\Desktop\AI Photo Editing\edit\color_graded_output\Manisha Di(Shrimant) (129).jpg in 1.88s
2025-07-17 18:34:58,066 - INFO - [9/33] Completed: Manisha Di(Shrimant) (129).jpg
2025-07-17 18:34:58,203 - INFO - Processed image saved to C:\Users\1uci1er\Desktop\AI Photo Editing\edit\color_graded_output\Manisha Di(Shrimant) (128).jpg in 2.21s
2025-07-17 18:34:58,214 - INFO - [10/33] Completed: Manisha Di(Shrimant) (128).jpg
2025-07-17 18:34:59,042 - INFO - Processed image saved to C:\Users\1uci1er\Desktop\AI Photo Editing\edit\color_graded_output\Manisha Di(Shrimant) (130).jpg in 2.60s
2025-07-17 18:34:59,059 - INFO - [11/33] Completed: Manisha Di(Shrimant) (130).jpg
2025-07-17 18:35:00,529 - INFO - Processed image saved to C:\Users\1uci1er\Desktop\AI Photo Editing\edit\color_graded_output\Manisha Di(Shrimant) (132).jpg in 2.46s
2025-07-17 18:35:00,543 - INFO - [12/33] Completed: Manisha Di(Shrimant) (132).jpg
2025-07-17 18:35:00,935 - INFO - Processed image saved to C:\Users\1uci1er\Desktop\AI Photo Editing\edit\color_graded_output\Manisha Di(Shrimant) (131).jpg in 4.25s
2025-07-17 18:35:00,948 - INFO - [13/33] Completed: Manisha Di(Shrimant) (131).jpg
2025-07-17 18:35:01,131 - INFO - Processed image saved to C:\Users\1uci1er\Desktop\AI Photo Editing\edit\color_graded_output\Manisha Di(Shrimant) (134).jpg in 2.07s
2025-07-17 18:35:01,142 - INFO - [14/33] Completed: Manisha Di(Shrimant) (134).jpg
2025-07-17 18:35:01,433 - INFO - Processed image saved to C:\Users\1uci1er\Desktop\AI Photo Editing\edit\color_graded_output\Manisha Di(Shrimant) (133).jpg in 3.22s
2025-07-17 18:35:01,447 - INFO - [15/33] Completed: Manisha Di(Shrimant) (133).jpg
2025-07-17 18:35:04,124 - INFO - Processed image saved to C:\Users\1uci1er\Desktop\AI Photo Editing\edit\color_graded_output\Manisha Di(Shrimant) (137).jpg in 2.98s
2025-07-17 18:35:04,129 - INFO - Processed image saved to C:\Users\1uci1er\Desktop\AI Photo Editing\edit\color_graded_output\Manisha Di(Shrimant) (138).jpg in 2.68s
2025-07-17 18:35:04,135 - INFO - [16/33] Completed: Manisha Di(Shrimant) (137).jpg
2025-07-17 18:35:04,137 - INFO - [17/33] Completed: Manisha Di(Shrimant) (138).jpg
2025-07-17 18:35:04,215 - INFO - Processed image saved to C:\Users\1uci1er\Desktop\AI Photo Editing\edit\color_graded_output\Manisha Di(Shrimant) (135).jpg in 3.66s
2025-07-17 18:35:04,220 - INFO - [18/33] Completed: Manisha Di(Shrimant) (135).jpg
2025-07-17 18:35:04,539 - INFO - Processed image saved to C:\Users\1uci1er\Desktop\AI Photo Editing\edit\color_graded_output\Manisha Di(Shrimant) (136).jpg in 3.59s
2025-07-17 18:35:04,545 - INFO - [19/33] Completed: Manisha Di(Shrimant) (136).jpg
2025-07-17 18:35:07,166 - INFO - Processed image saved to C:\Users\1uci1er\Desktop\AI Photo Editing\edit\color_graded_output\Manisha Di(Shrimant) (140).jpg in 3.03s
2025-07-17 18:35:07,207 - INFO - [20/33] Completed: Manisha Di(Shrimant) (140).jpg
2025-07-17 18:35:07,326 - INFO - Processed image saved to C:\Users\1uci1er\Desktop\AI Photo Editing\edit\color_graded_output\Manisha Di(Shrimant) (142).jpg in 2.78s
2025-07-17 18:35:07,338 - INFO - [21/33] Completed: Manisha Di(Shrimant) (142).jpg
2025-07-17 18:35:07,366 - INFO - Processed image saved to C:\Users\1uci1er\Desktop\AI Photo Editing\edit\color_graded_output\Manisha Di(Shrimant) (141).jpg in 3.14s
2025-07-17 18:35:07,369 - INFO - [22/33] Completed: Manisha Di(Shrimant) (141).jpg
2025-07-17 18:35:07,585 - INFO - Processed image saved to C:\Users\1uci1er\Desktop\AI Photo Editing\edit\color_graded_output\Manisha Di(Shrimant) (139).jpg in 3.45s
2025-07-17 18:35:07,597 - INFO - [23/33] Completed: Manisha Di(Shrimant) (139).jpg
2025-07-17 18:35:09,465 - INFO - Processed image saved to C:\Users\1uci1er\Desktop\AI Photo Editing\edit\color_graded_output\Manisha Di(Shrimant) (145).jpg in 2.07s
2025-07-17 18:35:09,477 - INFO - [24/33] Completed: Manisha Di(Shrimant) (145).jpg
2025-07-17 18:35:10,717 - INFO - Processed image saved to C:\Users\1uci1er\Desktop\AI Photo Editing\edit\color_graded_output\Manisha Di(Shrimant) (143).jpg in 3.50s
2025-07-17 18:35:10,744 - INFO - [25/33] Completed: Manisha Di(Shrimant) (143).jpg
2025-07-17 18:35:10,878 - INFO - Processed image saved to C:\Users\1uci1er\Desktop\AI Photo Editing\edit\color_graded_output\Manisha Di(Shrimant) (144).jpg in 3.54s
2025-07-17 18:35:10,883 - INFO - [26/33] Completed: Manisha Di(Shrimant) (144).jpg
2025-07-17 18:35:10,954 - INFO - Processed image saved to C:\Users\1uci1er\Desktop\AI Photo Editing\edit\color_graded_output\Manisha Di(Shrimant) (146).jpg in 3.35s
2025-07-17 18:35:10,962 - INFO - [27/33] Completed: Manisha Di(Shrimant) (146).jpg
2025-07-17 18:35:12,701 - INFO - Processed image saved to C:\Users\1uci1er\Desktop\AI Photo Editing\edit\color_graded_output\Manisha Di(Shrimant) (147).jpg in 3.01s
2025-07-17 18:35:12,716 - INFO - [28/33] Completed: Manisha Di(Shrimant) (147).jpg
2025-07-17 18:35:13,587 - INFO - Processed image saved to C:\Users\1uci1er\Desktop\AI Photo Editing\edit\color_graded_output\Manisha Di(Shrimant) (148).jpg in 2.84s
2025-07-17 18:35:13,599 - INFO - [29/33] Completed: Manisha Di(Shrimant) (148).jpg
2025-07-17 18:35:14,927 - INFO - Processed image saved to C:\Users\1uci1er\Desktop\AI Photo Editing\edit\color_graded_output\Manisha Di(Shrimant) (150).jpg in 3.96s
2025-07-17 18:35:14,962 - INFO - [30/33] Completed: Manisha Di(Shrimant) (150).jpg
2025-07-17 18:35:15,185 - INFO - Processed image saved to C:\Users\1uci1er\Desktop\AI Photo Editing\edit\color_graded_output\Manisha Di(Shrimant) (149).jpg in 4.30s
2025-07-17 18:35:15,192 - INFO - [31/33] Completed: Manisha Di(Shrimant) (149).jpg
2025-07-17 18:35:16,003 - INFO - Processed image saved to C:\Users\1uci1er\Desktop\AI Photo Editing\edit\color_graded_output\Manisha Di(Shrimant) (151).jpg in 3.27s
2025-07-17 18:35:16,014 - INFO - [32/33] Completed: Manisha Di(Shrimant) (151).jpg
2025-07-17 18:35:17,098 - INFO - Processed image saved to C:\Users\1uci1er\Desktop\AI Photo Editing\edit\color_graded_output\color_graded_output\Manisha Di(Shrimant) (120).jpg in 3.27s
2025-07-17 18:35:17,102 - INFO - [33/33] Completed: Manisha Di(Shrimant) (120).jpg
2025-07-17 18:35:17,107 - INFO - Batch processing completed in 32.18s
2025-07-17 18:35:17,107 - INFO - Summary: 33 successful, 0 failed
2026-09-16 13:04:20,285 - INFO - Starting interactive mode
2026-09-16 13:04:41,435 - INFO - Selected preset: cinematic, enhancement: medium
2026-09-16 13:04:55,681 - ERROR - Error processing C:\Users\1uci1er\Downloads\JIsha birthday\jishabirthday (10).jpeg: PIL.Image.Image.save() got multiple values for keyword argument 'progressive'
2026-09-16 13:04:55,681 - ERROR - Error processing C:\Users\1uci1er\Downloads\JIsha birthday\jishabirthday (10).jpeg: PIL.Image.Image.save() got multiple values for keyword argument 'progressive'
2026-09-16 13:05:38,712 - INFO - Starting interactive mode
2026-09-16 13:05:54,526 - INFO - Selected preset: portrait, enhancement: heavy
2026-09-16 13:06:11,440 - INFO - Selected 28 images for processing
2026-09-16 13:06:48,227 - ERROR - Error processing C:/Users/1uci1er/Downloads/JIsha birthday/jishabirthday (9).jpeg: PIL.Image.Image.save() got multiple values for keyword argument 'progressive'
2026-09-16 13:06:48,228 - ERROR - [1/28] Error processing jishabirthday (9).jpeg: PIL.Image.Image.save() got multiple values for keyword argument 'progressive'
2026-09-16 13:06:54,572 - ERROR - Error processing C:/Users/1uci1er/Downloads/JIsha birthday/jishabirthday (10).jpeg: PIL.Image.Image.save() got multiple values for keyword argument 'progressive'
2026-09-16 13:06:54,573 - ERROR - [2/28] Error processing jishabirthday (10).jpeg: PIL.Image.Image.save() got multiple values for keyword argument 'progressive'
2026-09-16 13:07:00,107 - ERROR - Error processing C:/Users/1uci1er/Downloads/JIsha birthday/jishabirthday (11).jpeg: PIL.Image.Image.save() got multiple values for keyword argument 'progressive'
2026-09-16 13:07:00,109 - ERROR - [3/28] Error processing jishabirthday (11).jpeg: PIL.Image.Image.save() got multiple values for keyword argument 'progressive'
2026-09-16 13:07:00,212 - ERROR - Error processing C:/Users/1uci1er/Downloads/JIsha birthday/jishabirthday (8).jpeg: PIL.Image.Image.save() got multiple values for keyword argument 'progressive'
2026-09-16 13:07:00,213 - ERROR - [4/28] Error processing jishabirthday (8).jpeg: PIL.Image.Image.save() got multiple values for keyword argument 'progressive'
2026-09-16 13:07:21,827 - ERROR - Error processing C:/Users/1uci1er/Downloads/JIsha birthday/jishabirthday (12).jpeg: PIL.Image.Image.save() got multiple values for keyword argument 'progressive'
2026-09-16 13:07:21,828 - ERROR - [5/28] Error processing jishabirthday (12).jpeg: PIL.Image.Image.save() got multiple values for keyword argument 'progressive'
2026-09-16 13:07:27,972 - ERROR - Error processing C:/Users/1uci1er/Downloads/JIsha birthday/jishabirthday (13).jpeg: PIL.Image.Image.save() got multiple values for keyword argument 'progressive'
2026-09-16 13:07:27,973 - ERROR - [6/28] Error processing jishabirthday (13).jpeg: PIL.Image.Image.save() got multiple values for keyword argument 'progressive'
2026-09-16 13:07:39,544 - ERROR - Error processing C:/Users/1uci1er/Downloads/JIsha birthday/jishabirthday (14).jpeg: PIL.Image.Image.save() got multiple values for keyword argument 'progressive'
2026-09-16 13:07:39,546 - ERROR - [7/28] Error processing jishabirthday (14).jpeg: PIL.Image.Image.save() got multiple values for keyword argument 'progressive'
2026-09-16 13:07:42,166 - ERROR - Error processing C:/Users/1uci1er/Downloads/JIsha birthday/jishabirthday (15).jpeg: PIL.Image.Image.save() got multiple values for keyword argument 'progressive'
2026-09-16 13:07:42,166 - ERROR - [8/28] Error processing jishabirthday (15).jpeg: PIL.Image.Image.save() got multiple values for keyword argument 'progressive'
2026-09-16 13:07:55,569 - ERROR - Error processing C:/Users/1uci1er/Downloads/JIsha birthday/jishabirthday (16).jpeg: PIL.Image.Image.save() got multiple values for keyword argument 'progressive'
2026-09-16 13:07:55,570 - ERROR - [9/28] Error processing jishabirthday (16).jpeg: PIL.Image.Image.save() got multiple values for keyword argument 'progressive'
2026-09-16 13:08:06,130 - ERROR - Error processing C:/Users/1uci1er/Downloads/JIsha birthday/jishabirthday (17).jpeg: PIL.Image.Image.save() got multiple values for keyword argument 'progressive'
2026-09-16 13:08:06,131 - ERROR - [10/28] Error processing jishabirthday (17).jpeg: PIL.Image.Image.save() got multiple values for keyword argument 'progressive'
2026-09-16 13:08:18,050 - ERROR - Error processing C:/Users/1uci1er/Downloads/JIsha birthday/jishabirthday (18).jpeg: PIL.Image.Image.save() got multiple values for keyword argument 'progressive'
2026-09-16 13:08:18,050 - ERROR - [11/28] Error processing jishabirthday (18).jpeg: PIL.Image.Image.save() got multiple values for keyword argument 'progressive'
2026-09-16 13:08:20,596 - ERROR - Error processing C:/Users/1uci1er/Downloads/JIsha birthday/jishabirthday (19).jpeg: PIL.Image.Image.save() got multiple values for keyword argument 'progressive'
2026-09-16 13:08:20,597 - ERROR - [12/28] Error processing jishabirthday (19).jpeg: PIL.Image.Image.save() got multiple values for keyword argument 'progressive'
2026-09-16 13:08:25,908 - ERROR - Error processing C:/Users/1uci1er/Downloads/JIsha birthday/jishabirthday (20).jpeg: PIL.Image.Image.save() got multiple values for keyword argument 'progressive'
2026-09-16 13:08:25,909 - ERROR - [13/28] Error processing jishabirthday (20).jpeg: PIL.Image.Image.save() got multiple values for keyword argument 'progressive'
2026-09-16 13:08:35,713 - ERROR - Error processing C:/Users/1uci1er/Downloads/JIsha birthday/jishabirthday (21).jpeg: PIL.Image.Image.save() got multiple values for keyword argument 'progressive'
2026-09-16 13:08:35,714 - ERROR - [14/28] Error processing jishabirthday (21).jpeg: PIL.Image.Image.save() got multiple values for keyword argument 'progressive'
2026-09-16 13:09:55,612 - INFO - Starting interactive mode
2026-09-16 13:10:17,878 - INFO - Selected preset: cinematic
2026-09-16 13:10:21,736 - ERROR - Error processing C:\Users\1uci1er\Downloads\JIsha birthday\jishabirthday (10).jpeg: PIL.Image.Image.save() got multiple values for keyword argument 'progressive'
2026-09-16 13:10:21,737 - ERROR - Error processing C:\Users\1uci1er\Downloads\JIsha birthday\jishabirthday (10).jpeg: PIL.Image.Image.save() got multiple values for keyword argument 'progressive'
2026-09-16 13:10:39,685 - INFO - Starting interactive mode
2026-09-16 13:10:54,667 - INFO - Selected preset: portrait
2026-09-16 13:10:58,480 - ERROR - Error processing C:\Users\1uci1er\Downloads\JIsha birthday\jishabirthday (10).jpeg: PIL.Image.Image.save() got multiple values for keyword argument 'progressive'
2026-09-16 13:10:58,480 - ERROR - Error processing C:\Users\1uci1er\Downloads\JIsha birthday\jishabirthday (10).jpeg: PIL.Image.Image.save() got multiple values for keyword argument 'progressive'
2026-09-16 13:36:12,557 - INFO - Starting interactive mode
2026-09-16 13:36:27,163 - INFO - Selected preset: cinematic, enhancement: medium
2026-09-16 13:36:40,563 - INFO - Selected 28 images for processing
2026-09-16 13:36:55,648 - ERROR - Error processing C:/Users/1uci1er/Downloads/JIsha birthday/jishabirthday (8).jpeg: PIL.Image.Image.save() got multiple values for keyword argument 'progressive'
2026-09-16 13:36:55,649 - ERROR - [1/28] Error processing jishabirthday (8).jpeg: PIL.Image.Image.save() got multiple values for keyword argument 'progressive'
2026-09-16 13:36:56,737 - ERROR - Error processing C:/Users/1uci1er/Downloads/JIsha birthday/jishabirthday (10).jpeg: PIL.Image.Image.save() got multiple values for keyword argument 'progressive'
2026-09-16 13:36:56,737 - ERROR - [2/28] Error processing jishabirthday (10).jpeg: PIL.Image.Image.save() got multiple values for keyword argument 'progressive'
2026-09-16 13:37:03,805 - ERROR - Error processing C:/Users/1uci1er/Downloads/JIsha birthday/jishabirthday (11).jpeg: PIL.Image.Image.save() got multiple values for keyword argument 'progressive'
2026-09-16 13:37:03,806 - ERROR - [3/28] Error processing jishabirthday (11).jpeg: PIL.Image.Image.save() got multiple values for keyword argument 'progressive'
2026-09-16 13:37:05,955 - ERROR - Error processing C:/Users/1uci1er/Downloads/JIsha birthday/jishabirthday (9).jpeg: PIL.Image.Image.save() got multiple values for keyword argument 'progressive'
2026-09-16 13:37:05,956 - ERROR - [4/28] Error processing jishabirthday (9).jpeg: PIL.Image.Image.save() got multiple values for keyword argument 'progressive'
2026-09-16 13:37:10,338 - ERROR - Error processing C:/Users/1uci1er/Downloads/JIsha birthday/jishabirthday (12).jpeg: PIL.Image.Image.save() got multiple values for keyword argument 'progressive'
2026-09-16 13:37:10,339 - ERROR - [5/28] Error processing jishabirthday (12).jpeg: PIL.Image.Image.save() got multiple values for keyword argument 'progressive'
2026-09-16 13:37:16,365 - ERROR - Error processing C:/Users/1uci1er/Downloads/JIsha birthday/jishabirthday (13).jpeg: PIL.Image.Image.save() got multiple values for keyword argument 'progressive'
2026-09-16 13:37:16,366 - ERROR - [6/28] Error processing jishabirthday (13).jpeg: PIL.Image.Image.save() got multiple values for keyword argument 'progressive'
2026-09-16 13:37:19,192 - ERROR - Error processing C:/Users/1uci1er/Downloads/JIsha birthday/jishabirthday (14).jpeg: PIL.Image.Image.save() got multiple values for keyword argument 'progressive'
2026-09-16 13:37:19,193 - ERROR - [7/28] Error processing jishabirthday (14).jpeg: PIL.Image.Image.save() got multiple values for keyword argument 'progressive'
2026-09-16 13:37:22,423 - ERROR - Error processing C:/Users/1uci1er/Downloads/JIsha birthday/jishabirthday (15).jpeg: PIL.Image.Image.save() got multiple values for keyword argument 'progressive'
2026-09-16 13:37:22,424 - ERROR - [8/28] Error processing jishabirthday (15).jpeg: PIL.Image.Image.save() got multiple values for keyword argument 'progressive'
2026-09-16 13:37:24,822 - ERROR - Error processing C:/Users/1uci1er/Downloads/JIsha birthday/jishabirthday (16).jpeg: PIL.Image.Image.save() got multiple values for keyword argument 'progressive'
2026-09-16 13:37:24,822 - ERROR - [9/28] Error processing jishabirthday (16).jpeg: PIL.Image.Image.save() got multiple values for keyword argument 'progressive'
2026-09-16 13:37:31,452 - ERROR - Error processing C:/Users/1uci1er/Downloads/JIsha birthday/jishabirthday (17).jpeg: PIL.Image.Image.save() got multiple values for keyword argument 'progressive'
2026-09-16 13:37:31,453 - ERROR - [10/28] Error processing jishabirthday (17).jpeg: PIL.Image.Image.save() got multiple values for keyword argument 'progressive'
2026-09-16 13:37:33,827 - ERROR - Error processing C:/Users/1uci1er/Downloads/JIsha birthday/jishabirthday (18).jpeg: PIL.Image.Image.save() got multiple values for keyword argument 'progressive'
2026-09-16 13:37:33,828 - ERROR - [11/28] Error processing jishabirthday (18).jpeg: PIL.Image.Image.save() got multiple values for keyword argument 'progressive'
2026-09-16 13:37:38,427 - ERROR - Error processing C:/Users/1uci1er/Downloads/JIsha birthday/jishabirthday (19).jpeg: PIL.Image.Image.save() got multiple values for keyword argument 'progressive'
2026-09-16 13:37:38,428 - ERROR - [12/28] Error processing jishabirthday (19).jpeg: PIL.Image.Image.save() got multiple values for keyword argument 'progressive'
2026-09-16 13:37:38,488 - ERROR - Error processing C:/Users/1uci1er/Downloads/JIsha birthday/jishabirthday (20).jpeg: PIL.Image.Image.save() got multiple values for keyword argument 'progressive'
2026-09-16 13:37:38,489 - ERROR - [13/28] Error processing jishabirthday (20).jpeg: PIL.Image.Image.save() got multiple values for keyword argument 'progressive'
2026-09-16 13:37:47,517 - ERROR - Error processing C:/Users/1uci1er/Downloads/JIsha birthday/jishabirthday (21).jpeg: PIL.Image.Image.save() got multiple values for keyword argument 'progressive'
2026-09-16 13:37:47,518 - ERROR - [14/28] Error processing jishabirthday (21).jpeg: PIL.Image.Image.save() got multiple values for keyword argument 'progressive'
2026-09-16 13:37:49,069 - ERROR - Error processing C:/Users/1uci1er/Downloads/JIsha birthday/jishabirthday (1).jpeg: PIL.Image.Image.save() got multiple values for keyword argument 'progressive'
2026-09-16 13:37:49,079 - ERROR - [15/28] Error processing jishabirthday (1).jpeg: PIL.Image.Image.save() got multiple values for keyword argument 'progressive'
2026-09-16 13:37:53,799 - ERROR - Error processing C:/Users/1uci1er/Downloads/JIsha birthday/jishabirthday (2).jpeg: PIL.Image.Image.save() got multiple values for keyword argument 'progressive'
2026-09-16 13:37:53,800 - ERROR - [16/28] Error processing jishabirthday (2).jpeg: PIL.Image.Image.save() got multiple values for keyword argument 'progressive'
2026-09-16 13:37:58,045 - ERROR - Error processing C:/Users/1uci1er/Downloads/JIsha birthday/jishabirthday (3).jpeg: PIL.Image.Image.save() got multiple values for keyword argument 'progressive'
2026-09-16 13:37:58,046 - ERROR - [17/28] Error processing jishabirthday (3).jpeg: PIL.Image.Image.save() got multiple values for keyword argument 'progressive'
2026-09-16 13:38:03,287 - ERROR - Error processing C:/Users/1uci1er/Downloads/JIsha birthday/jishabirthday (4).jpeg: PIL.Image.Image.save() got multiple values for keyword argument 'progressive'
2026-09-16 13:38:03,288 - ERROR - [18/28] Error processing jishabirthday (4).jpeg: PIL.Image.Image.save() got multiple values for keyword argument 'progressive'
2026-09-16 13:38:10,091 - ERROR - Error processing C:/Users/1uci1er/Downloads/JIsha birthday/jishabirthday (6).jpeg: PIL.Image.Image.save() got multiple values for keyword argument 'progressive'
2026-09-16 13:38:10,092 - ERROR - [19/28] Error processing jishabirthday (6).jpeg: PIL.Image.Image.save() got multiple values for keyword argument 'progressive'
2026-09-16 13:38:14,922 - ERROR - Error processing C:/Users/1uci1er/Downloads/JIsha birthday/jishabirthday (7).jpeg: PIL.Image.Image.save() got multiple values for keyword argument 'progressive'
2026-09-16 13:38:14,923 - ERROR - [20/28] Error processing jishabirthday (7).jpeg: PIL.Image.Image.save() got multiple values for keyword argument 'progressive'
2026-09-16 13:38:18,476 - ERROR - Error processing C:/Users/1uci1er/Downloads/JIsha birthday/jishabirthday (5).jpeg: PIL.Image.Image.save() got multiple values for keyword argument 'progressive'
2026-09-16 13:38:18,477 - ERROR - [21/28] Error processing jishabirthday (5).jpeg: PIL.Image.Image.save() got multiple values for keyword argument 'progressive'
2026-09-16 13:38:20,286 - ERROR - Error processing C:/Users/1uci1er/Downloads/JIsha birthday/jishabirthday (22).jpeg: PIL.Image.Image.save() got multiple values for keyword argument 'progressive'
2026-09-16 13:38:20,294 - ERROR - [22/28] Error processing jishabirthday (22).jpeg: PIL.Image.Image.save() got multiple values for keyword argument 'progressive'
2026-09-16 13:38:24,570 - ERROR - Error processing C:/Users/1uci1er/Downloads/JIsha birthday/jishabirthday (23).jpeg: PIL.Image.Image.save() got multiple values for keyword argument 'progressive'
2026-09-16 13:38:24,570 - ERROR - [23/28] Error processing jishabirthday (23).jpeg: PIL.Image.Image.save() got multiple values for keyword argument 'progressive'
2026-09-16 13:38:29,600 - ERROR - Error processing C:/Users/1uci1er/Downloads/JIsha birthday/jishabirthday (24).jpeg: PIL.Image.Image.save() got multiple values for keyword argument 'progressive'
2026-09-16 13:38:29,601 - ERROR - [24/28] Error processing jishabirthday (24).jpeg: PIL.Image.Image.save() got multiple values for keyword argument 'progressive'
2026-09-16 13:38:34,354 - ERROR - Error processing C:/Users/1uci1er/Downloads/JIsha birthday/jishabirthday (25).jpeg: PIL.Image.Image.save() got multiple values for keyword argument 'progressive'
2026-09-16 13:38:34,354 - ERROR - [25/28] Error processing jishabirthday (25).jpeg: PIL.Image.Image.save() got multiple values for keyword argument 'progressive'
2026-09-16 13:38:39,715 - ERROR - Error processing C:/Users/1uci1er/Downloads/JIsha birthday/jishabirthday (27).jpeg: PIL.Image.Image.save() got multiple values for keyword argument 'progressive'
2026-09-16 13:38:39,716 - ERROR - [26/28] Error processing jishabirthday (27).jpeg: PIL.Image.Image.save() got multiple values for keyword argument 'progressive'
2026-09-16 13:38:42,625 - ERROR - Error processing C:/Users/1uci1er/Downloads/JIsha birthday/jishabirthday (28).jpeg: PIL.Image.Image.save() got multiple values for keyword argument 'progressive'
2026-09-16 13:38:42,626 - ERROR - [27/28] Error processing jishabirthday (28).jpeg: PIL.Image.Image.save() got multiple values for keyword argument 'progressive'
2026-09-16 13:38:45,013 - ERROR - Error processing C:/Users/1uci1er/Downloads/JIsha birthday/jishabirthday (26).jpeg: PIL.Image.Image.save() got multiple values for keyword argument 'progressive'
2026-09-16 13:38:45,014 - ERROR - [28/28] Error processing jishabirthday (26).jpeg: PIL.Image.Image.save() got multiple values for keyword argument 'progressive'
2026-09-16 13:38:45,026 - INFO - Successfully processed 0/28 photos
2026-09-16 13:46:29,151 - INFO - Starting interactive mode
2026-09-16 13:46:36,585 - INFO - Selected preset: cinematic, enhancement: medium
2026-09-16 13:46:46,404 - INFO - Selected 28 images for processing
2026-09-16 13:47:00,524 - INFO - Processed image saved to C:/Users/1uci1er/Downloads/JIsha birthday\ai_enhanced_output\jishabirthday (8).jpeg in 14.10s
2026-09-16 13:47:00,528 - INFO - [1/28] Completed: jishabirthday (8).jpeg
2026-09-16 13:47:00,960 - INFO - Processed image saved to C:/Users/1uci1er/Downloads/JIsha birthday\ai_enhanced_output\jishabirthday (10).jpeg in 14.53s
2026-09-16 13:47:00,993 - INFO - [2/28] Completed: jishabirthday (10).jpeg
2026-09-16 13:47:07,409 - INFO - Processed image saved to C:/Users/1uci1er/Downloads/JIsha birthday\ai_enhanced_output\jishabirthday (9).jpeg in 20.98s
2026-09-16 13:47:07,413 - INFO - [3/28] Completed: jishabirthday (9).jpeg
2026-09-16 13:47:07,998 - INFO - Processed image saved to C:/Users/1uci1er/Downloads/JIsha birthday\ai_enhanced_output\jishabirthday (21).jpeg in 21.58s
2026-09-16 13:47:08,007 - INFO - [4/28] Completed: jishabirthday (21).jpeg
2026-09-16 13:47:11,487 - INFO - Processed image saved to C:/Users/1uci1er/Downloads/JIsha birthday\ai_enhanced_output\jishabirthday (11).jpeg in 10.96s
2026-09-16 13:47:11,491 - INFO - [5/28] Completed: jishabirthday (11).jpeg
2026-09-16 13:47:17,298 - INFO - Processed image saved to C:/Users/1uci1er/Downloads/JIsha birthday\ai_enhanced_output\jishabirthday (12).jpeg in 16.27s
2026-09-16 13:47:17,303 - INFO - [6/28] Completed: jishabirthday (12).jpeg
2026-09-16 13:47:20,497 - INFO - Processed image saved to C:/Users/1uci1er/Downloads/JIsha birthday\ai_enhanced_output\jishabirthday (13).jpeg in 13.08s
2026-09-16 13:47:20,500 - INFO - [7/28] Completed: jishabirthday (13).jpeg
2026-09-16 13:47:24,294 - INFO - Processed image saved to C:/Users/1uci1er/Downloads/JIsha birthday\ai_enhanced_output\jishabirthday (15).jpeg in 12.80s
2026-09-16 13:47:24,298 - INFO - [8/28] Completed: jishabirthday (15).jpeg
2026-09-16 13:47:26,053 - INFO - Processed image saved to C:/Users/1uci1er/Downloads/JIsha birthday\ai_enhanced_output\jishabirthday (14).jpeg in 18.04s
2026-09-16 13:47:26,058 - INFO - [9/28] Completed: jishabirthday (14).jpeg
2026-09-16 13:47:28,596 - INFO - Processed image saved to C:/Users/1uci1er/Downloads/JIsha birthday\ai_enhanced_output\jishabirthday (16).jpeg in 11.29s
2026-09-16 13:47:28,600 - INFO - [10/28] Completed: jishabirthday (16).jpeg
2026-09-16 13:47:33,711 - INFO - Processed image saved to C:/Users/1uci1er/Downloads/JIsha birthday\ai_enhanced_output\jishabirthday (17).jpeg in 13.21s
2026-09-16 13:47:33,716 - INFO - [11/28] Completed: jishabirthday (17).jpeg
2026-09-16 13:47:36,444 - INFO - Processed image saved to C:/Users/1uci1er/Downloads/JIsha birthday\ai_enhanced_output\jishabirthday (18).jpeg in 12.15s
2026-09-16 13:47:36,448 - INFO - [12/28] Completed: jishabirthday (18).jpeg
2026-09-16 13:47:41,289 - INFO - Processed image saved to C:/Users/1uci1er/Downloads/JIsha birthday\ai_enhanced_output\jishabirthday (20).jpeg in 12.69s
2026-09-16 13:47:41,292 - INFO - [13/28] Completed: jishabirthday (20).jpeg
2026-09-16 13:47:44,540 - INFO - Processed image saved to C:/Users/1uci1er/Downloads/JIsha birthday\ai_enhanced_output\jishabirthday (19).jpeg in 18.48s
2026-09-16 13:47:44,543 - INFO - [14/28] Completed: jishabirthday (19).jpeg
2026-09-16 13:47:46,828 - INFO - Processed image saved to C:/Users/1uci1er/Downloads/JIsha birthday\ai_enhanced_output\jishabirthday (1).jpeg in 13.11s
2026-09-16 13:47:46,832 - INFO - [15/28] Completed: jishabirthday (1).jpeg
2026-09-16 13:47:48,973 - INFO - Processed image saved to C:/Users/1uci1er/Downloads/JIsha birthday\ai_enhanced_output\jishabirthday (2).jpeg in 12.52s
2026-09-16 13:47:48,976 - INFO - [16/28] Completed: jishabirthday (2).jpeg
2026-09-16 13:47:53,270 - INFO - Processed image saved to C:/Users/1uci1er/Downloads/JIsha birthday\ai_enhanced_output\jishabirthday (3).jpeg in 11.98s
2026-09-16 13:47:53,275 - INFO - [17/28] Completed: jishabirthday (3).jpeg
2026-09-16 13:47:55,138 - INFO - Processed image saved to C:/Users/1uci1er/Downloads/JIsha birthday\ai_enhanced_output\jishabirthday (4).jpeg in 10.59s
2026-09-16 13:47:55,141 - INFO - [18/28] Completed: jishabirthday (4).jpeg
2026-09-16 13:47:58,458 - INFO - Processed image saved to C:/Users/1uci1er/Downloads/JIsha birthday\ai_enhanced_output\jishabirthday (6).jpeg in 9.48s
2026-09-16 13:47:58,461 - INFO - [19/28] Completed: jishabirthday (6).jpeg
2026-09-16 13:48:01,536 - INFO - Processed image saved to C:/Users/1uci1er/Downloads/JIsha birthday\ai_enhanced_output\jishabirthday (5).jpeg in 14.70s
2026-09-16 13:48:01,539 - INFO - [20/28] Completed: jishabirthday (5).jpeg
2026-09-16 13:48:14,394 - INFO - Starting interactive mode
2026-09-16 13:48:42,957 - INFO - Selected preset: portrait, enhancement: light
2026-09-16 13:48:50,355 - INFO - Selected 28 images for processing
2026-09-16 13:49:05,174 - INFO - Processed image saved to C:/Users/1uci1er/Downloads/JIsha birthday\ai_enhanced_output\jishabirthday (10).jpeg in 14.81s
2026-09-16 13:49:05,177 - INFO - [1/28] Completed: jishabirthday (10).jpeg
2026-09-16 13:49:06,530 - INFO - Processed image saved to C:/Users/1uci1er/Downloads/JIsha birthday\ai_enhanced_output\jishabirthday (8).jpeg in 16.15s
2026-09-16 13:49:06,536 - INFO - [2/28] Completed: jishabirthday (8).jpeg
2026-09-16 13:49:13,201 - INFO - Processed image saved to C:/Users/1uci1er/Downloads/JIsha birthday\ai_enhanced_output\jishabirthday (9).jpeg in 22.83s
2026-09-16 13:49:13,205 - INFO - [3/28] Completed: jishabirthday (9).jpeg
2026-09-16 13:49:14,124 - INFO - Processed image saved to C:/Users/1uci1er/Downloads/JIsha birthday\ai_enhanced_output\jishabirthday (21).jpeg in 23.76s
2026-09-16 13:49:14,128 - INFO - [4/28] Completed: jishabirthday (21).jpeg
2026-09-16 13:49:16,491 - INFO - Processed image saved to C:/Users/1uci1er/Downloads/JIsha birthday\ai_enhanced_output\jishabirthday (11).jpeg in 11.31s
2026-09-16 13:49:16,495 - INFO - [5/28] Completed: jishabirthday (11).jpeg
2026-09-16 13:49:22,791 - INFO - Processed image saved to C:/Users/1uci1er/Downloads/JIsha birthday\ai_enhanced_output\jishabirthday (12).jpeg in 16.24s
2026-09-16 13:49:22,795 - INFO - [6/28] Completed: jishabirthday (12).jpeg
2026-09-16 13:49:26,747 - INFO - Processed image saved to C:/Users/1uci1er/Downloads/JIsha birthday\ai_enhanced_output\jishabirthday (13).jpeg in 13.54s
2026-09-16 13:49:26,750 - INFO - [7/28] Completed: jishabirthday (13).jpeg
2026-09-16 13:49:30,011 - INFO - Processed image saved to C:/Users/1uci1er/Downloads/JIsha birthday\ai_enhanced_output\jishabirthday (15).jpeg in 13.51s
2026-09-16 13:49:30,014 - INFO - [8/28] Completed: jishabirthday (15).jpeg
2026-09-16 13:49:32,139 - INFO - Processed image saved to C:/Users/1uci1er/Downloads/JIsha birthday\ai_enhanced_output\jishabirthday (14).jpeg in 18.01s
2026-09-16 13:49:32,143 - INFO - [9/28] Completed: jishabirthday (14).jpeg
2026-09-16 13:49:35,936 - INFO - Processed image saved to C:/Users/1uci1er/Downloads/JIsha birthday\ai_enhanced_output\jishabirthday (16).jpeg in 13.14s
2026-09-16 13:49:35,940 - INFO - [10/28] Completed: jishabirthday (16).jpeg
2026-09-16 13:49:40,680 - INFO - Processed image saved to C:/Users/1uci1er/Downloads/JIsha birthday\ai_enhanced_output\jishabirthday (17).jpeg in 13.93s
2026-09-16 13:49:40,684 - INFO - [11/28] Completed: jishabirthday (17).jpeg
2026-09-16 13:49:43,028 - INFO - Processed image saved to C:/Users/1uci1er/Downloads/JIsha birthday\ai_enhanced_output\jishabirthday (18).jpeg in 13.01s
2026-09-16 13:49:43,031 - INFO - [12/28] Completed: jishabirthday (18).jpeg
2026-09-16 13:49:45,361 - INFO - Processed image saved to C:/Users/1uci1er/Downloads/JIsha birthday\ai_enhanced_output\jishabirthday (19).jpeg in 13.22s
2026-09-16 13:49:45,364 - INFO - [13/28] Completed: jishabirthday (19).jpeg
2026-09-16 13:49:47,970 - INFO - Processed image saved to C:/Users/1uci1er/Downloads/JIsha birthday\ai_enhanced_output\jishabirthday (20).jpeg in 12.03s
2026-09-16 13:49:47,974 - INFO - [14/28] Completed: jishabirthday (20).jpeg
2026-09-16 13:49:52,652 - INFO - Processed image saved to C:/Users/1uci1er/Downloads/JIsha birthday\ai_enhanced_output\jishabirthday (1).jpeg in 11.97s
2026-09-16 13:49:52,656 - INFO - [15/28] Completed: jishabirthday (1).jpeg
2026-09-16 13:49:55,734 - INFO - Processed image saved to C:/Users/1uci1er/Downloads/JIsha birthday\ai_enhanced_output\jishabirthday (2).jpeg in 12.70s
2026-09-16 13:49:55,738 - INFO - [16/28] Completed: jishabirthday (2).jpeg
2026-09-16 13:49:58,038 - INFO - Processed image saved to C:/Users/1uci1er/Downloads/JIsha birthday\ai_enhanced_output\jishabirthday (3).jpeg in 12.67s
2026-09-16 13:49:58,042 - INFO - [17/28] Completed: jishabirthday (3).jpeg
2026-09-16 13:50:04,818 - INFO - Processed image saved to C:/Users/1uci1er/Downloads/JIsha birthday\ai_enhanced_output\jishabirthday (4).jpeg in 16.84s
2026-09-16 13:50:04,821 - INFO - [18/28] Completed: jishabirthday (4).jpeg
2026-09-16 13:50:08,385 - INFO - Processed image saved to C:/Users/1uci1er/Downloads/JIsha birthday\ai_enhanced_output\jishabirthday (6).jpeg in 12.65s
2026-09-16 13:50:08,388 - INFO - [19/28] Completed: jishabirthday (6).jpeg
2026-09-16 13:50:10,946 - INFO - Processed image saved to C:/Users/1uci1er/Downloads/JIsha birthday\ai_enhanced_output\jishabirthday (7).jpeg in 12.90s
2026-09-16 13:50:10,950 - INFO - [20/28] Completed: jishabirthday (7).jpeg
2026-09-16 13:50:16,676 - INFO - Processed image saved to C:/Users/1uci1er/Downloads/JIsha birthday\ai_enhanced_output\jishabirthday (22).jpeg in 11.85s
2026-09-16 13:50:16,680 - INFO - [21/28] Completed: jishabirthday (22).jpeg
2026-09-16 13:50:18,627 - INFO - Processed image saved to C:/Users/1uci1er/Downloads/JIsha birthday\ai_enhanced_output\jishabirthday (5).jpeg in 25.97s
2026-09-16 13:50:18,631 - INFO - [22/28] Completed: jishabirthday (5).jpeg
2026-09-16 13:50:20,502 - INFO - Processed image saved to C:/Users/1uci1er/Downloads/JIsha birthday\ai_enhanced_output\jishabirthday (23).jpeg in 12.11s
2026-09-16 13:50:20,506 - INFO - [23/28] Completed: jishabirthday (23).jpeg
2026-09-16 13:50:23,955 - INFO - Processed image saved to C:/Users/1uci1er/Downloads/JIsha birthday\ai_enhanced_output\jishabirthday (24).jpeg in 13.00s
2026-09-16 13:50:23,989 - INFO - [24/28] Completed: jishabirthday (24).jpeg
2026-09-16 13:50:28,805 - INFO - Processed image saved to C:/Users/1uci1er/Downloads/JIsha birthday\ai_enhanced_output\jishabirthday (25).jpeg in 12.12s
2026-09-16 13:50:28,817 - INFO - [25/28] Completed: jishabirthday (25).jpeg
2026-09-16 13:50:31,041 - INFO - Processed image saved to C:/Users/1uci1er/Downloads/JIsha birthday\ai_enhanced_output\jishabirthday (27).jpeg in 10.53s
2026-09-16 13:50:31,044 - INFO - [26/28] Completed: jishabirthday (27).jpeg
2026-09-16 13:50:33,243 - INFO - Processed image saved to C:/Users/1uci1er/Downloads/JIsha birthday\ai_enhanced_output\jishabirthday (26).jpeg in 14.61s
2026-09-16 13:50:33,246 - INFO - [27/28] Completed: jishabirthday (26).jpeg
2026-09-16 13:50:35,858 - INFO - Processed image saved to C:/Users/1uci1er/Downloads/JIsha birthday\ai_enhanced_output\jishabirthday (28).jpeg in 11.84s
2026-09-16 13:50:35,861 - INFO - [28/28] Completed: jishabirthday (28).jpeg
2026-09-16 13:50:35,865 - INFO - Successfully processed 28/28 photos
2026-09-16 13:51:08,124 - INFO - Starting interactive mode
2026-09-16 13:51:22,037 - INFO - Selected preset: cinematic
2026-09-16 13:51:26,335 - ERROR - Error processing C:\Users\1uci1er\Downloads\JIsha birthday\jishabirthday (10).jpeg: PIL.Image.Image.save() got multiple values for keyword argument 'progressive'
2026-09-16 13:51:26,335 - ERROR - Error processing C:\Users\1uci1er\Downloads\JIsha birthday\jishabirthday (10).jpeg: PIL.Image.Image.save() got multiple values for keyword argument 'progressive'
2026-09-16 13:51:43,966 - WARNING - GUI selection is disabled. Use batch mode with a directory instead.
2026-09-16 13:51:56,141 - INFO - Starting interactive mode
2026-09-16 13:52:03,664 - ERROR - Directory not found
2026-09-16 13:52:15,684 - INFO - Starting interactive mode
2026-09-16 13:52:19,861 - INFO - Selected preset: cinematic
2026-09-16 13:52:23,836 - INFO - Selected 1 images for processing
2026-09-16 13:52:27,458 - ERROR - Error processing C:/Users/1uci1er/Downloads/JIsha birthday/jishabirthday (21).jpeg: PIL.Image.Image.save() got multiple values for keyword argument 'progressive'
2026-09-16 13:52:27,458 - ERROR - [1/1] Error processing jishabirthday (21).jpeg: PIL.Image.Image.save() got multiple values for keyword argument 'progressive'
2026-09-16 13:52:27,461 - INFO - Successfully processed 0/1 photos
2026-09-16 13:53:02,020 - INFO - Starting interactive mode
2026-09-16 13:53:09,707 - INFO - Selected preset: landscape
2026-09-16 13:53:15,633 - INFO - Selected 28 images for processing
2026-09-16 13:53:21,085 - ERROR - Error processing C:/Users/1uci1er/Downloads/JIsha birthday/jishabirthday (9).jpeg: PIL.Image.Image.save() got multiple values for keyword argument 'progressive'
2026-09-16 13:53:21,086 - ERROR - [1/28] Error processing jishabirthday (9).jpeg: PIL.Image.Image.save() got multiple values for keyword argument 'progressive'
2026-09-16 13:53:21,535 - ERROR - Error processing C:/Users/1uci1er/Downloads/JIsha birthday/jishabirthday (8).jpeg: PIL.Image.Image.save() got multiple values for keyword argument 'progressive'
2026-09-16 13:53:21,536 - ERROR - [2/28] Error processing jishabirthday (8).jpeg: PIL.Image.Image.save() got multiple values for keyword argument 'progressive'
2026-09-16 13:53:21,579 - ERROR - Error processing C:/Users/1uci1er/Downloads/JIsha birthday/jishabirthday (21).jpeg: PIL.Image.Image.save() got multiple values for keyword argument 'progressive'
2026-09-16 13:53:21,579 - ERROR - [3/28] Error processing jishabirthday (21).jpeg: PIL.Image.Image.save() got multiple values for keyword argument 'progressive'
2026-09-16 13:53:21,991 - ERROR - Error processing C:/Users/1uci1er/Downloads/JIsha birthday/jishabirthday (10).jpeg: PIL.Image.Image.save() got multiple values for keyword argument 'progressive'
2026-09-16 13:53:21,992 - ERROR - [4/28] Error processing jishabirthday (10).jpeg: PIL.Image.Image.save() got multiple values for keyword argument 'progressive'
2026-09-16 13:53:23,833 - ERROR - Error processing C:/Users/1uci1er/Downloads/JIsha birthday/jishabirthday (11).jpeg: PIL.Image.Image.save() got multiple values for keyword argument 'progressive'
2026-09-16 13:53:23,834 - ERROR - [5/28] Error processing jishabirthday (11).jpeg: PIL.Image.Image.save() got multiple values for keyword argument 'progressive'
2026-09-16 13:53:24,305 - ERROR - Error processing C:/Users/1uci1er/Downloads/JIsha birthday/jishabirthday (13).jpeg: PIL.Image.Image.save() got multiple values for keyword argument 'progressive'
2026-09-16 13:53:24,306 - ERROR - [6/28] Error processing jishabirthday (13).jpeg: PIL.Image.Image.save() got multiple values for keyword argument 'progressive'
2026-09-16 13:53:24,641 - ERROR - Error processing C:/Users/1uci1er/Downloads/JIsha birthday/jishabirthday (14).jpeg: PIL.Image.Image.save() got multiple values for keyword argument 'progressive'
2026-09-16 13:53:24,642 - ERROR - [7/28] Error processing jishabirthday (14).jpeg: PIL.Image.Image.save() got multiple values for keyword argument 'progressive'
2026-09-16 13:53:24,799 - ERROR - Error processing C:/Users/1uci1er/Downloads/JIsha birthday/jishabirthday (12).jpeg: PIL.Image.Image.save() got multiple values for keyword argument 'progressive'
2026-09-16 13:53:24,800 - ERROR - [8/28] Error processing jishabirthday (12).jpeg: PIL.Image.Image.save() got multiple values for keyword argument 'progressive'
2026-09-16 13:53:26,284 - ERROR - Error processing C:/Users/1uci1er/Downloads/JIsha birthday/jishabirthday (15).jpeg: PIL.Image.Image.save() got multiple values for keyword argument 'progressive'
2026-09-16 13:53:26,285 - ERROR - [9/28] Error processing jishabirthday (15).jpeg: PIL.Image.Image.save() got multiple values for keyword argument 'progressive'
2026-09-16 13:53:26,839 - ERROR - Error processing C:/Users/1uci1er/Downloads/JIsha birthday/jishabirthday (16).jpeg: PIL.Image.Image.save() got multiple values for keyword argument 'progressive'
2026-09-16 13:53:26,839 - ERROR - [10/28] Error processing jishabirthday (16).jpeg: PIL.Image.Image.save() got multiple values for keyword argument 'progressive'
2026-09-16 13:53:26,943 - ERROR - Error processing C:/Users/1uci1er/Downloads/JIsha birthday/jishabirthday (17).jpeg: PIL.Image.Image.save() got multiple values for keyword argument 'progressive'
2026-09-16 13:53:26,944 - ERROR - [11/28] Error processing jishabirthday (17).jpeg: PIL.Image.Image.save() got multiple values for keyword argument 'progressive'
2026-09-16 13:53:27,757 - ERROR - Error processing C:/Users/1uci1er/Downloads/JIsha birthday/jishabirthday (18).jpeg: PIL.Image.Image.save() got multiple values for keyword argument 'progressive'
2026-09-16 13:53:27,757 - ERROR - [12/28] Error processing jishabirthday (18).jpeg: PIL.Image.Image.save() got multiple values for keyword argument 'progressive'
2026-09-16 13:53:29,361 - ERROR - Error processing C:/Users/1uci1er/Downloads/JIsha birthday/jishabirthday (20).jpeg: PIL.Image.Image.save() got multiple values for keyword argument 'progressive'
2026-09-16 13:53:29,361 - ERROR - [13/28] Error processing jishabirthday (20).jpeg: PIL.Image.Image.save() got multiple values for keyword argument 'progressive'
2026-09-16 13:53:29,743 - ERROR - Error processing C:/Users/1uci1er/Downloads/JIsha birthday/jishabirthday (19).jpeg: PIL.Image.Image.save() got multiple values for keyword argument 'progressive'
2026-09-16 13:53:29,744 - ERROR - [14/28] Error processing jishabirthday (19).jpeg: PIL.Image.Image.save() got multiple values for keyword argument 'progressive'
2026-09-16 13:53:30,011 - ERROR - Error processing C:/Users/1uci1er/Downloads/JIsha birthday/jishabirthday (1).jpeg: PIL.Image.Image.save() got multiple values for keyword argument 'progressive'
2026-09-16 13:53:30,011 - ERROR - [15/28] Error processing jishabirthday (1).jpeg: PIL.Image.Image.save() got multiple values for keyword argument 'progressive'
2026-09-16 13:53:30,531 - ERROR - Error processing C:/Users/1uci1er/Downloads/JIsha birthday/jishabirthday (2).jpeg: PIL.Image.Image.save() got multiple values for keyword argument 'progressive'
2026-09-16 13:53:30,532 - ERROR - [16/28] Error processing jishabirthday (2).jpeg: PIL.Image.Image.save() got multiple values for keyword argument 'progressive'
2026-09-16 13:53:31,636 - ERROR - Error processing C:/Users/1uci1er/Downloads/JIsha birthday/jishabirthday (3).jpeg: PIL.Image.Image.save() got multiple values for keyword argument 'progressive'
2026-09-16 13:53:31,644 - ERROR - [17/28] Error processing jishabirthday (3).jpeg: PIL.Image.Image.save() got multiple values for keyword argument 'progressive'
2026-09-16 13:53:32,116 - ERROR - Error processing C:/Users/1uci1er/Downloads/JIsha birthday/jishabirthday (4).jpeg: PIL.Image.Image.save() got multiple values for keyword argument 'progressive'
2026-09-16 13:53:32,117 - ERROR - [18/28] Error processing jishabirthday (4).jpeg: PIL.Image.Image.save() got multiple values for keyword argument 'progressive'
2026-09-16 13:53:33,138 - ERROR - Error processing C:/Users/1uci1er/Downloads/JIsha birthday/jishabirthday (5).jpeg: PIL.Image.Image.save() got multiple values for keyword argument 'progressive'
2026-09-16 13:53:33,139 - ERROR - [19/28] Error processing jishabirthday (5).jpeg: PIL.Image.Image.save() got multiple values for keyword argument 'progressive'
2026-09-16 13:53:34,289 - ERROR - Error processing C:/Users/1uci1er/Downloads/JIsha birthday/jishabirthday (6).jpeg: PIL.Image.Image.save() got multiple values for keyword argument 'progressive'
2026-09-16 13:53:34,289 - ERROR - [20/28] Error processing jishabirthday (6).jpeg: PIL.Image.Image.save() got multiple values for keyword argument 'progressive'
2026-09-16 13:53:34,449 - ERROR - Error processing C:/Users/1uci1er/Downloads/JIsha birthday/jishabirthday (22).jpeg: PIL.Image.Image.save() got multiple values for keyword argument 'progressive'
2026-09-16 13:53:34,450 - ERROR - [21/28] Error processing jishabirthday (22).jpeg: PIL.Image.Image.save() got multiple values for keyword argument 'progressive'
2026-09-16 13:53:34,716 - ERROR - Error processing C:/Users/1uci1er/Downloads/JIsha birthday/jishabirthday (7).jpeg: PIL.Image.Image.save() got multiple values for keyword argument 'progressive'
2026-09-16 13:53:34,717 - ERROR - [22/28] Error processing jishabirthday (7).jpeg: PIL.Image.Image.save() got multiple values for keyword argument 'progressive'
2026-09-16 13:53:35,524 - ERROR - Error processing C:/Users/1uci1er/Downloads/JIsha birthday/jishabirthday (23).jpeg: PIL.Image.Image.save() got multiple values for keyword argument 'progressive'
2026-09-16 13:53:35,581 - ERROR - [23/28] Error processing jishabirthday (23).jpeg: PIL.Image.Image.save() got multiple values for keyword argument 'progressive'
2026-09-16 13:53:37,195 - ERROR - Error processing C:/Users/1uci1er/Downloads/JIsha birthday/jishabirthday (24).jpeg: PIL.Image.Image.save() got multiple values for keyword argument 'progressive'
2026-09-16 13:53:37,196 - ERROR - [24/28] Error processing jishabirthday (24).jpeg: PIL.Image.Image.save() got multiple values for keyword argument 'progressive'
2026-09-16 13:53:37,296 - ERROR - Error processing C:/Users/1uci1er/Downloads/JIsha birthday/jishabirthday (25).jpeg: PIL.Image.Image.save() got multiple values for keyword argument 'progressive'
2026-09-16 13:53:37,297 - ERROR - [25/28] Error processing jishabirthday (25).jpeg: PIL.Image.Image.save() got multiple values for keyword argument 'progressive'
2026-09-16 13:53:38,421 - ERROR - Error processing C:/Users/1uci1er/Downloads/JIsha birthday/jishabirthday (26).jpeg: PIL.Image.Image.save() got multiple values for keyword argument 'progressive'
2026-09-16 13:53:38,422 - ERROR - [26/28] Error processing jishabirthday (26).jpeg: PIL.Image.Image.save() got multiple values for keyword argument 'progressive'
2026-09-16 13:53:38,532 - ERROR - Error processing C:/Users/1uci1er/Downloads/JIsha birthday/jishabirthday (27).jpeg: PIL.Image.Image.save() got multiple values for keyword argument 'progressive'
2026-09-16 13:53:38,532 - ERROR - [27/28] Error processing jishabirthday (27).jpeg: PIL.Image.Image.save() got multiple values for keyword argument 'progressive'
2026-09-16 13:53:39,450 - ERROR - Error processing C:/Users/1uci1er/Downloads/JIsha birthday/jishabirthday (28).jpeg: PIL.Image.Image.save() got multiple values for keyword argument 'progressive'
2026-09-16 13:53:39,450 - ERROR - [28/28] Error processing jishabirthday (28).jpeg: PIL.Image.Image.save() got multiple values for keyword argument 'progressive'
2026-09-16 13:53:39,454 - INFO - Successfully processed 0/28 photos
2026-09-16 13:54:16,659 - INFO - Starting interactive mode
2026-09-16 13:54:24,066 - INFO - Selected preset: cinematic, enhancement: ultra
2026-09-16 13:54:30,147 - INFO - Selected 28 images for processing
2026-09-16 13:55:20,756 - ERROR - Error processing C:/Users/1uci1er/Downloads/JIsha birthday/jishabirthday (8).jpeg: PIL.Image.Image.save() got multiple values for keyword argument 'progressive'
2026-09-16 13:55:20,758 - ERROR - [1/28] Error processing jishabirthday (8).jpeg: PIL.Image.Image.save() got multiple values for keyword argument 'progressive'
2026-09-16 13:55:25,422 - ERROR - Error processing C:/Users/1uci1er/Downloads/JIsha birthday/jishabirthday (9).jpeg: PIL.Image.Image.save() got multiple values for keyword argument 'progressive'
2026-09-16 13:55:25,423 - ERROR - [2/28] Error processing jishabirthday (9).jpeg: PIL.Image.Image.save() got multiple values for keyword argument 'progressive'
2026-09-16 13:55:30,595 - ERROR - Error processing C:/Users/1uci1er/Downloads/JIsha birthday/jishabirthday (10).jpeg: PIL.Image.Image.save() got multiple values for keyword argument 'progressive'
2026-09-16 13:55:30,595 - ERROR - [3/28] Error processing jishabirthday (10).jpeg: PIL.Image.Image.save() got multiple values for keyword argument 'progressive'
2026-09-16 13:55:33,274 - ERROR - Error processing C:/Users/1uci1er/Downloads/JIsha birthday/jishabirthday (21).jpeg: PIL.Image.Image.save() got multiple values for keyword argument 'progressive'
2026-09-16 13:55:33,274 - ERROR - [4/28] Error processing jishabirthday (21).jpeg: PIL.Image.Image.save() got multiple values for keyword argument 'progressive'
2026-09-16 13:56:05,400 - ERROR - Error processing C:/Users/1uci1er/Downloads/JIsha birthday/jishabirthday (11).jpeg: PIL.Image.Image.save() got multiple values for keyword argument 'progressive'
2026-09-16 13:56:05,400 - ERROR - [5/28] Error processing jishabirthday (11).jpeg: PIL.Image.Image.save() got multiple values for keyword argument 'progressive'
2026-09-16 13:56:15,158 - ERROR - Error processing C:/Users/1uci1er/Downloads/JIsha birthday/jishabirthday (12).jpeg: PIL.Image.Image.save() got multiple values for keyword argument 'progressive'
2026-09-16 13:56:15,159 - ERROR - [6/28] Error processing jishabirthday (12).jpeg: PIL.Image.Image.save() got multiple values for keyword argument 'progressive'
2026-09-16 13:56:18,899 - ERROR - Error processing C:/Users/1uci1er/Downloads/JIsha birthday/jishabirthday (13).jpeg: PIL.Image.Image.save() got multiple values for keyword argument 'progressive'
2026-09-16 13:56:18,899 - ERROR - [7/28] Error processing jishabirthday (13).jpeg: PIL.Image.Image.save() got multiple values for keyword argument 'progressive'
2026-09-16 13:56:20,803 - ERROR - Error processing C:/Users/1uci1er/Downloads/JIsha birthday/jishabirthday (14).jpeg: PIL.Image.Image.save() got multiple values for keyword argument 'progressive'
2026-09-16 13:56:20,804 - ERROR - [8/28] Error processing jishabirthday (14).jpeg: PIL.Image.Image.save() got multiple values for keyword argument 'progressive'
2026-09-16 13:56:49,816 - ERROR - Error processing C:/Users/1uci1er/Downloads/JIsha birthday/jishabirthday (15).jpeg: PIL.Image.Image.save() got multiple values for keyword argument 'progressive'
2026-09-16 13:56:49,817 - ERROR - [9/28] Error processing jishabirthday (15).jpeg: PIL.Image.Image.save() got multiple values for keyword argument 'progressive'
2026-09-16 13:57:05,288 - ERROR - Error processing C:/Users/1uci1er/Downloads/JIsha birthday/jishabirthday (16).jpeg: PIL.Image.Image.save() got multiple values for keyword argument 'progressive'
2026-09-16 13:57:05,295 - ERROR - [10/28] Error processing jishabirthday (16).jpeg: PIL.Image.Image.save() got multiple values for keyword argument 'progressive'
2026-09-16 13:57:10,201 - ERROR - Error processing C:/Users/1uci1er/Downloads/JIsha birthday/jishabirthday (17).jpeg: PIL.Image.Image.save() got multiple values for keyword argument 'progressive'
2026-09-16 13:57:10,201 - ERROR - [11/28] Error processing jishabirthday (17).jpeg: PIL.Image.Image.save() got multiple values for keyword argument 'progressive'
2026-09-16 13:57:12,726 - ERROR - Error processing C:/Users/1uci1er/Downloads/JIsha birthday/jishabirthday (18).jpeg: PIL.Image.Image.save() got multiple values for keyword argument 'progressive'
2026-09-16 13:57:12,727 - ERROR - [12/28] Error processing jishabirthday (18).jpeg: PIL.Image.Image.save() got multiple values for keyword argument 'progressive'
2026-09-16 13:57:55,634 - INFO - Starting interactive mode
2026-09-16 13:58:08,977 - INFO - Selected preset: cinematic, enhancement: ultra
2026-09-16 13:58:45,535 - ERROR - Error processing C:\Users\1uci1er\Downloads\JIsha birthday\jishabirthday (10).jpeg: PIL.Image.Image.save() got multiple values for keyword argument 'progressive'
2026-09-16 13:58:45,535 - ERROR - Error processing C:\Users\1uci1er\Downloads\JIsha birthday\jishabirthday (10).jpeg: PIL.Image.Image.save() got multiple values for keyword argument 'progressive'
2026-09-16 14:05:42,878 - INFO - Starting interactive mode
2026-09-16 14:05:47,648 - INFO - Selected preset: cinematic, enhancement: medium
2026-09-16 14:05:51,373 - INFO - Selected 1 images for processing
2026-09-16 14:06:02,226 - ERROR - Error processing C:/Users/1uci1er/Downloads/JIsha birthday/jishabirthday (21).jpeg: [Errno 13] Permission denied: 'C:/Users/1uci1er/Downloads/JIsha birthday\\ai_enhanced_output\\.'
2026-09-16 14:06:02,226 - ERROR - [1/1] Error processing jishabirthday (21).jpeg: [Errno 13] Permission denied: 'C:/Users/1uci1er/Downloads/JIsha birthday\\ai_enhanced_output\\.'
2026-09-16 14:06:02,230 - INFO - Successfully processed 0/1 photos
2026-09-16 14:06:39,492 - INFO - Starting interactive mode
2026-09-16 14:06:44,585 - INFO - Selected preset: cinematic, enhancement: medium
2026-09-16 14:06:54,655 - INFO - Selected 28 images for processing
2026-09-16 14:07:07,645 - INFO - Processed image saved to C:/Users/1uci1er/Downloads/JIsha birthday\ai_enhanced_output\jishabirthday (8).jpeg in 12.98s
2026-09-16 14:07:07,648 - INFO - [1/28] Completed: jishabirthday (8).jpeg
2026-09-16 14:07:10,728 - INFO - Processed image saved to C:/Users/1uci1er/Downloads/JIsha birthday\ai_enhanced_output\jishabirthday (10).jpeg in 16.06s
2026-09-16 14:07:10,732 - INFO - [2/28] Completed: jishabirthday (10).jpeg
2026-09-16 14:07:16,675 - INFO - Processed image saved to C:/Users/1uci1er/Downloads/JIsha birthday\ai_enhanced_output\jishabirthday (9).jpeg in 22.01s
2026-09-16 14:07:16,679 - INFO - [3/28] Completed: jishabirthday (9).jpeg
2026-09-16 14:07:18,659 - INFO - Processed image saved to C:/Users/1uci1er/Downloads/JIsha birthday\ai_enhanced_output\jishabirthday (21).jpeg in 23.99s
2026-09-16 14:07:18,663 - INFO - [4/28] Completed: jishabirthday (21).jpeg
2026-09-16 14:07:19,254 - INFO - Processed image saved to C:/Users/1uci1er/Downloads/JIsha birthday\ai_enhanced_output\jishabirthday (11).jpeg in 11.60s
2026-09-16 14:07:19,258 - INFO - [5/28] Completed: jishabirthday (11).jpeg
2026-09-16 14:07:22,738 - INFO - Processed image saved to C:/Users/1uci1er/Downloads/JIsha birthday\ai_enhanced_output\jishabirthday (12).jpeg in 11.99s
2026-09-16 14:07:22,742 - INFO - [6/28] Completed: jishabirthday (12).jpeg
2026-09-16 14:07:29,652 - INFO - Processed image saved to C:/Users/1uci1er/Downloads/JIsha birthday\ai_enhanced_output\jishabirthday (13).jpeg in 12.97s
2026-09-16 14:07:29,656 - INFO - [7/28] Completed: jishabirthday (13).jpeg
2026-09-16 14:07:31,644 - INFO - Processed image saved to C:/Users/1uci1er/Downloads/JIsha birthday\ai_enhanced_output\jishabirthday (14).jpeg in 12.98s
2026-09-16 14:07:31,648 - INFO - [8/28] Completed: jishabirthday (14).jpeg
2026-09-16 14:07:35,102 - INFO - Processed image saved to C:/Users/1uci1er/Downloads/JIsha birthday\ai_enhanced_output\jishabirthday (16).jpeg in 12.36s
2026-09-16 14:07:35,105 - INFO - [9/28] Completed: jishabirthday (16).jpeg
2026-09-16 14:07:37,766 - INFO - Processed image saved to C:/Users/1uci1er/Downloads/JIsha birthday\ai_enhanced_output\jishabirthday (15).jpeg in 18.51s
2026-09-16 14:07:37,770 - INFO - [10/28] Completed: jishabirthday (15).jpeg
2026-09-16 14:07:59,417 - INFO - Starting interactive mode
2026-09-16 14:08:06,481 - INFO - Selected preset: modern, enhancement: medium
2026-09-16 14:08:14,841 - INFO - Selected 28 images for processing
2026-09-16 14:08:27,661 - INFO - Processed image saved to C:/Users/1uci1er/Downloads/JIsha birthday\ai_enhanced_output\jishabirthday (8).jpeg in 12.81s
2026-09-16 14:08:27,664 - INFO - [1/28] Completed: jishabirthday (8).jpeg
2026-09-16 14:08:28,926 - INFO - Processed image saved to C:/Users/1uci1er/Downloads/JIsha birthday\ai_enhanced_output\jishabirthday (9).jpeg in 14.07s
2026-09-16 14:08:28,951 - INFO - [2/28] Completed: jishabirthday (9).jpeg
2026-09-16 14:08:36,136 - INFO - Processed image saved to C:/Users/1uci1er/Downloads/JIsha birthday\ai_enhanced_output\jishabirthday (10).jpeg in 21.28s
2026-09-16 14:08:36,142 - INFO - [3/28] Completed: jishabirthday (10).jpeg
2026-09-16 14:08:36,760 - INFO - Processed image saved to C:/Users/1uci1er/Downloads/JIsha birthday\ai_enhanced_output\jishabirthday (21).jpeg in 21.91s
2026-09-16 14:08:36,776 - INFO - [4/28] Completed: jishabirthday (21).jpeg
2026-09-16 14:08:37,990 - INFO - Processed image saved to C:/Users/1uci1er/Downloads/JIsha birthday\ai_enhanced_output\jishabirthday (11).jpeg in 10.32s
2026-09-16 14:08:37,995 - INFO - [5/28] Completed: jishabirthday (11).jpeg
2026-09-16 14:08:44,010 - INFO - Processed image saved to C:/Users/1uci1er/Downloads/JIsha birthday\ai_enhanced_output\jishabirthday (12).jpeg in 15.05s
2026-09-16 14:08:44,016 - INFO - [6/28] Completed: jishabirthday (12).jpeg
2026-09-16 14:08:49,428 - INFO - Processed image saved to C:/Users/1uci1er/Downloads/JIsha birthday\ai_enhanced_output\jishabirthday (13).jpeg in 13.28s
2026-09-16 14:08:49,432 - INFO - [7/28] Completed: jishabirthday (13).jpeg
2026-09-16 14:08:50,919 - INFO - Processed image saved to C:/Users/1uci1er/Downloads/JIsha birthday\ai_enhanced_output\jishabirthday (15).jpeg in 12.92s
2026-09-16 14:08:50,925 - INFO - [8/28] Completed: jishabirthday (15).jpeg
2026-09-16 14:08:54,579 - INFO - Processed image saved to C:/Users/1uci1er/Downloads/JIsha birthday\ai_enhanced_output\jishabirthday (14).jpeg in 17.80s
2026-09-16 14:08:54,583 - INFO - [9/28] Completed: jishabirthday (14).jpeg
2026-09-16 14:08:56,092 - INFO - Processed image saved to C:/Users/1uci1er/Downloads/JIsha birthday\ai_enhanced_output\jishabirthday (16).jpeg in 12.07s
2026-09-16 14:08:56,099 - INFO - [10/28] Completed: jishabirthday (16).jpeg
2026-09-16 14:09:02,122 - INFO - Processed image saved to C:/Users/1uci1er/Downloads/JIsha birthday\ai_enhanced_output\jishabirthday (17).jpeg in 12.69s
2026-09-16 14:09:02,126 - INFO - [11/28] Completed: jishabirthday (17).jpeg
2026-09-16 14:09:06,728 - INFO - Processed image saved to C:/Users/1uci1er/Downloads/JIsha birthday\ai_enhanced_output\jishabirthday (19).jpeg in 12.14s
2026-09-16 14:09:06,733 - INFO - [12/28] Completed: jishabirthday (19).jpeg
2026-09-16 14:16:19,460 - INFO - Starting interactive mode
2026-09-16 14:16:23,963 - INFO - Sample config file generated as 'config.ini'
2026-09-16 14:16:41,964 - INFO - Starting interactive mode
2026-09-16 14:16:51,523 - INFO - Selected 28 images for processing
2026-09-16 14:16:58,269 - INFO - Processed image saved to C:/Users/1uci1er/Downloads/JIsha birthday\ai_enhanced_output\jishabirthday (8).jpeg in 6.73s
2026-09-16 14:16:58,271 - INFO - [1/28] Completed: jishabirthday (8).jpeg
2026-09-16 14:16:58,272 - INFO - Processed image saved to C:/Users/1uci1er/Downloads/JIsha birthday\ai_enhanced_output\jishabirthday (9).jpeg in 6.73s
2026-09-16 14:16:58,274 - INFO - [2/28] Completed: jishabirthday (9).jpeg
2026-09-16 14:16:58,376 - INFO - Processed image saved to C:/Users/1uci1er/Downloads/JIsha birthday\ai_enhanced_output\jishabirthday (21).jpeg in 6.84s
2026-09-16 14:16:58,379 - INFO - [3/28] Completed: jishabirthday (21).jpeg
2026-09-16 14:16:58,884 - INFO - Processed image saved to C:/Users/1uci1er/Downloads/JIsha birthday\ai_enhanced_output\jishabirthday (10).jpeg in 7.35s
2026-09-16 14:16:58,889 - INFO - [4/28] Completed: jishabirthday (10).jpeg
2026-09-16 14:17:01,533 - INFO - Processed image saved to C:/Users/1uci1er/Downloads/JIsha birthday\ai_enhanced_output\jishabirthday (13).jpeg in 3.15s
2026-09-16 14:17:01,537 - INFO - [5/28] Completed: jishabirthday (13).jpeg
2026-09-16 14:17:01,768 - INFO - Processed image saved to C:/Users/1uci1er/Downloads/JIsha birthday\ai_enhanced_output\jishabirthday (11).jpeg in 3.50s
2026-09-16 14:17:01,770 - INFO - [6/28] Completed: jishabirthday (11).jpeg
2026-09-16 14:17:01,969 - INFO - Processed image saved to C:/Users/1uci1er/Downloads/JIsha birthday\ai_enhanced_output\jishabirthday (12).jpeg in 3.69s
2026-09-16 14:17:01,972 - INFO - [7/28] Completed: jishabirthday (12).jpeg
2026-09-16 14:17:02,092 - INFO - Processed image saved to C:/Users/1uci1er/Downloads/JIsha birthday\ai_enhanced_output\jishabirthday (14).jpeg in 3.20s
2026-09-16 14:17:02,095 - INFO - [8/28] Completed: jishabirthday (14).jpeg
2026-09-16 14:17:04,530 - INFO - Processed image saved to C:/Users/1uci1er/Downloads/JIsha birthday\ai_enhanced_output\jishabirthday (15).jpeg in 2.99s
2026-09-16 14:17:04,533 - INFO - [9/28] Completed: jishabirthday (15).jpeg
2026-09-16 14:17:04,907 - INFO - Processed image saved to C:/Users/1uci1er/Downloads/JIsha birthday\ai_enhanced_output\jishabirthday (16).jpeg in 3.14s
2026-09-16 14:17:04,910 - INFO - [10/28] Completed: jishabirthday (16).jpeg
2026-09-16 14:17:04,997 - INFO - Processed image saved to C:/Users/1uci1er/Downloads/JIsha birthday\ai_enhanced_output\jishabirthday (17).jpeg in 3.02s
2026-09-16 14:17:05,000 - INFO - [11/28] Completed: jishabirthday (17).jpeg
2026-09-16 14:17:05,904 - INFO - Processed image saved to C:/Users/1uci1er/Downloads/JIsha birthday\ai_enhanced_output\jishabirthday (18).jpeg in 3.81s
2026-09-16 14:17:05,907 - INFO - [12/28] Completed: jishabirthday (18).jpeg
2026-09-16 14:17:08,173 - INFO - Processed image saved to C:/Users/1uci1er/Downloads/JIsha birthday\ai_enhanced_output\jishabirthday (20).jpeg in 3.26s
2026-09-16 14:17:08,177 - INFO - Processed image saved to C:/Users/1uci1er/Downloads/JIsha birthday\ai_enhanced_output\jishabirthday (19).jpeg in 3.64s
2026-09-16 14:17:08,180 - INFO - [13/28] Completed: jishabirthday (20).jpeg
2026-09-16 14:17:08,182 - INFO - [14/28] Completed: jishabirthday (19).jpeg
2026-09-16 14:17:08,564 - INFO - Processed image saved to C:/Users/1uci1er/Downloads/JIsha birthday\ai_enhanced_output\jishabirthday (1).jpeg in 3.56s
2026-09-16 14:17:08,567 - INFO - [15/28] Completed: jishabirthday (1).jpeg
2026-09-16 14:17:09,761 - INFO - Processed image saved to C:/Users/1uci1er/Downloads/JIsha birthday\ai_enhanced_output\jishabirthday (2).jpeg in 3.85s
2026-09-16 14:17:09,772 - INFO - [16/28] Completed: jishabirthday (2).jpeg
2026-09-16 14:17:11,643 - INFO - Processed image saved to C:/Users/1uci1er/Downloads/JIsha birthday\ai_enhanced_output\jishabirthday (3).jpeg in 3.46s
2026-09-16 14:17:11,646 - INFO - [17/28] Completed: jishabirthday (3).jpeg
2026-09-16 14:17:11,705 - INFO - Processed image saved to C:/Users/1uci1er/Downloads/JIsha birthday\ai_enhanced_output\jishabirthday (4).jpeg in 3.52s
2026-09-16 14:17:11,708 - INFO - [18/28] Completed: jishabirthday (4).jpeg
2026-09-16 14:17:12,748 - INFO - Processed image saved to C:/Users/1uci1er/Downloads/JIsha birthday\ai_enhanced_output\jishabirthday (5).jpeg in 4.18s
2026-09-16 14:17:12,752 - INFO - [19/28] Completed: jishabirthday (5).jpeg
2026-09-16 14:17:14,978 - INFO - Processed image saved to C:/Users/1uci1er/Downloads/JIsha birthday\ai_enhanced_output\jishabirthday (6).jpeg in 5.20s
2026-09-16 14:17:14,982 - INFO - [20/28] Completed: jishabirthday (6).jpeg
2026-09-16 14:17:15,443 - INFO - Processed image saved to C:/Users/1uci1er/Downloads/JIsha birthday\ai_enhanced_output\jishabirthday (22).jpeg in 3.73s
2026-09-16 14:17:15,446 - INFO - [21/28] Completed: jishabirthday (22).jpeg
2026-09-16 14:17:16,127 - INFO - Processed image saved to C:/Users/1uci1er/Downloads/JIsha birthday\ai_enhanced_output\jishabirthday (7).jpeg in 4.48s
2026-09-16 14:17:16,130 - INFO - [22/28] Completed: jishabirthday (7).jpeg
2026-09-16 14:17:16,489 - INFO - Processed image saved to C:/Users/1uci1er/Downloads/JIsha birthday\ai_enhanced_output\jishabirthday (23).jpeg in 3.73s
2026-09-16 14:17:16,492 - INFO - [23/28] Completed: jishabirthday (23).jpeg
2026-09-16 14:17:19,915 - INFO - Processed image saved to C:/Users/1uci1er/Downloads/JIsha birthday\ai_enhanced_output\jishabirthday (24).jpeg in 4.93s
2026-09-16 14:17:19,918 - INFO - [24/28] Completed: jishabirthday (24).jpeg
2026-09-16 14:17:20,818 - INFO - Processed image saved to C:/Users/1uci1er/Downloads/JIsha birthday\ai_enhanced_output\jishabirthday (25).jpeg in 5.37s
2026-09-16 14:17:20,822 - INFO - [25/28] Completed: jishabirthday (25).jpeg
2026-09-16 14:17:21,349 - INFO - Processed image saved to C:/Users/1uci1er/Downloads/JIsha birthday\ai_enhanced_output\jishabirthday (27).jpeg in 4.85s
2026-09-16 14:17:21,352 - INFO - [26/28] Completed: jishabirthday (27).jpeg
2026-09-16 14:17:21,703 - INFO - Processed image saved to C:/Users/1uci1er/Downloads/JIsha birthday\ai_enhanced_output\jishabirthday (26).jpeg in 5.55s
2026-09-16 14:17:21,705 - INFO - [27/28] Completed: jishabirthday (26).jpeg
2026-09-16 14:17:22,791 - INFO - Processed image saved to C:/Users/1uci1er/Downloads/JIsha birthday\ai_enhanced_output\jishabirthday (28).jpeg in 2.87s
2026-09-16 14:17:22,794 - INFO - [28/28] Completed: jishabirthday (28).jpeg
2026-09-16 14:17:22,798 - INFO - Successfully processed 28/28 photos
2026-09-16 14:21:17,658 - INFO - Starting interactive mode
2026-09-16 14:21:34,536 - INFO - No files selected
2026-09-16 14:21:34,536 - INFO - No photos selected for processing
2026-09-16 14:22:19,249 - INFO - Starting interactive mode
2026-09-16 14:22:34,865 - INFO - Selected 92 images for processing
2026-09-16 14:22:41,295 - INFO - Processed image saved to C:/Users/1uci1er/Downloads/jisha\ai_enhanced_output\Jisha_Birthday1 (1).jpeg in 6.41s
2026-09-16 14:22:41,300 - INFO - [1/92] Completed: Jisha_Birthday1 (1).jpeg
2026-09-16 14:22:41,465 - INFO - Processed image saved to C:/Users/1uci1er/Downloads/jisha\ai_enhanced_output\Jisha_Birthday1 (2).jpeg in 6.58s
2026-09-16 14:22:41,468 - INFO - [2/92] Completed: Jisha_Birthday1 (2).jpeg
2026-09-16 14:22:41,581 - INFO - Processed image saved to C:/Users/1uci1er/Downloads/jisha\ai_enhanced_output\Jisha_Birthday1 (4).jpeg in 6.70s
2026-09-16 14:22:41,584 - INFO - [3/92] Completed: Jisha_Birthday1 (4).jpeg
2026-09-16 14:22:42,487 - INFO - Processed image saved to C:/Users/1uci1er/Downloads/jisha\ai_enhanced_output\Jisha_Birthday1 (3).jpeg in 7.60s
2026-09-16 14:22:42,490 - INFO - [4/92] Completed: Jisha_Birthday1 (3).jpeg
2026-09-16 14:22:44,550 - INFO - Processed image saved to C:/Users/1uci1er/Downloads/jisha\ai_enhanced_output\Jisha_Birthday1 (7).jpeg in 2.96s
2026-09-16 14:22:44,565 - INFO - [5/92] Completed: Jisha_Birthday1 (7).jpeg
2026-09-16 14:22:44,957 - INFO - Processed image saved to C:/Users/1uci1er/Downloads/jisha\ai_enhanced_output\Jisha_Birthday1 (6).jpeg in 3.49s
2026-09-16 14:22:44,957 - INFO - Processed image saved to C:/Users/1uci1er/Downloads/jisha\ai_enhanced_output\Jisha_Birthday1 (5).jpeg in 3.65s
2026-09-16 14:22:44,960 - INFO - [6/92] Completed: Jisha_Birthday1 (6).jpeg
2026-09-16 14:22:44,961 - INFO - [7/92] Completed: Jisha_Birthday1 (5).jpeg
2026-09-16 14:22:46,503 - INFO - Processed image saved to C:/Users/1uci1er/Downloads/jisha\ai_enhanced_output\Jisha_Birthday1 (8).jpeg in 4.01s
2026-09-16 14:22:46,505 - INFO - [8/92] Completed: Jisha_Birthday1 (8).jpeg
2026-09-16 14:22:48,116 - INFO - Processed image saved to C:/Users/1uci1er/Downloads/jisha\ai_enhanced_output\Jisha_Birthday1 (9).jpeg in 3.55s
2026-09-16 14:22:48,119 - INFO - [9/92] Completed: Jisha_Birthday1 (9).jpeg
2026-09-16 14:22:48,416 - INFO - Processed image saved to C:/Users/1uci1er/Downloads/jisha\ai_enhanced_output\Jisha_Birthday1 (11).jpeg in 3.45s
2026-09-16 14:22:48,418 - INFO - [10/92] Completed: Jisha_Birthday1 (11).jpeg
2026-09-16 14:22:48,922 - INFO - Processed image saved to C:/Users/1uci1er/Downloads/jisha\ai_enhanced_output\Jisha_Birthday1 (10).jpeg in 3.96s
2026-09-16 14:22:48,925 - INFO - [11/92] Completed: Jisha_Birthday1 (10).jpeg
2026-09-16 14:22:49,350 - INFO - Processed image saved to C:/Users/1uci1er/Downloads/jisha\ai_enhanced_output\Jisha_Birthday1 (12).jpeg in 2.84s
2026-09-16 14:22:49,352 - INFO - [12/92] Completed: Jisha_Birthday1 (12).jpeg
2026-09-16 14:22:51,947 - INFO - Processed image saved to C:/Users/1uci1er/Downloads/jisha\ai_enhanced_output\Jisha_Birthday1 (13).jpeg in 3.83s
2026-09-16 14:22:51,949 - INFO - [13/92] Completed: Jisha_Birthday1 (13).jpeg
2026-09-16 14:22:52,231 - INFO - Processed image saved to C:/Users/1uci1er/Downloads/jisha\ai_enhanced_output\Jisha_Birthday1 (14).jpeg in 3.81s
2026-09-16 14:22:52,233 - INFO - [14/92] Completed: Jisha_Birthday1 (14).jpeg
2026-09-16 14:22:52,434 - INFO - Processed image saved to C:/Users/1uci1er/Downloads/jisha\ai_enhanced_output\Jisha_Birthday1 (15).jpeg in 3.51s
2026-09-16 14:22:52,441 - INFO - [15/92] Completed: Jisha_Birthday1 (15).jpeg
2026-09-16 14:22:52,683 - INFO - Processed image saved to C:/Users/1uci1er/Downloads/jisha\ai_enhanced_output\Jisha_Birthday1 (16).jpeg in 3.33s
2026-09-16 14:22:52,690 - INFO - [16/92] Completed: Jisha_Birthday1 (16).jpeg
2026-09-16 14:22:55,273 - INFO - Processed image saved to C:/Users/1uci1er/Downloads/jisha\ai_enhanced_output\Jisha_Birthday1 (17).jpeg in 3.32s
2026-09-16 14:22:55,275 - INFO - [17/92] Completed: Jisha_Birthday1 (17).jpeg
2026-09-16 14:22:55,503 - INFO - Processed image saved to C:/Users/1uci1er/Downloads/jisha\ai_enhanced_output\Jisha_Birthday1 (19).jpeg in 3.06s
2026-09-16 14:22:55,506 - INFO - [18/92] Completed: Jisha_Birthday1 (19).jpeg
2026-09-16 14:22:55,602 - INFO - Processed image saved to C:/Users/1uci1er/Downloads/jisha\ai_enhanced_output\Jisha_Birthday1 (18).jpeg in 3.37s
2026-09-16 14:22:55,605 - INFO - [19/92] Completed: Jisha_Birthday1 (18).jpeg
2026-09-16 14:22:56,281 - INFO - Processed image saved to C:/Users/1uci1er/Downloads/jisha\ai_enhanced_output\Jisha_Birthday1 (20).jpeg in 3.59s
2026-09-16 14:22:56,284 - INFO - [20/92] Completed: Jisha_Birthday1 (20).jpeg
2026-09-16 14:22:59,076 - INFO - Processed image saved to C:/Users/1uci1er/Downloads/jisha\ai_enhanced_output\Jisha_Birthday1 (21).jpeg in 3.80s
2026-09-16 14:22:59,078 - INFO - Processed image saved to C:/Users/1uci1er/Downloads/jisha\ai_enhanced_output\Jisha_Birthday1 (22).jpeg in 3.57s
2026-09-16 14:22:59,080 - INFO - [21/92] Completed: Jisha_Birthday1 (21).jpeg
2026-09-16 14:22:59,105 - INFO - [22/92] Completed: Jisha_Birthday1 (22).jpeg
2026-09-16 14:22:59,871 - INFO - Processed image saved to C:/Users/1uci1er/Downloads/jisha\ai_enhanced_output\Jisha_Birthday1 (24).jpeg in 3.58s
2026-09-16 14:22:59,875 - INFO - [23/92] Completed: Jisha_Birthday1 (24).jpeg
2026-09-16 14:23:00,297 - INFO - Processed image saved to C:/Users/1uci1er/Downloads/jisha\ai_enhanced_output\Jisha_Birthday1 (23).jpeg in 4.69s
2026-09-16 14:23:00,300 - INFO - [24/92] Completed: Jisha_Birthday1 (23).jpeg
2026-09-16 14:23:02,481 - INFO - Processed image saved to C:/Users/1uci1er/Downloads/jisha\ai_enhanced_output\Jisha_Birthday1 (25).jpeg in 3.37s
2026-09-16 14:23:02,484 - INFO - [25/92] Completed: Jisha_Birthday1 (25).jpeg
2026-09-16 14:23:02,748 - INFO - Processed image saved to C:/Users/1uci1er/Downloads/jisha\ai_enhanced_output\Jisha_Birthday1 (26).jpeg in 3.64s
2026-09-16 14:23:02,750 - INFO - [26/92] Completed: Jisha_Birthday1 (26).jpeg
2026-09-16 14:23:03,345 - INFO - Processed image saved to C:/Users/1uci1er/Downloads/jisha\ai_enhanced_output\Jisha_Birthday1 (27).jpeg in 3.46s
2026-09-16 14:23:03,350 - INFO - [27/92] Completed: Jisha_Birthday1 (27).jpeg
2026-09-16 14:23:04,079 - INFO - Processed image saved to C:/Users/1uci1er/Downloads/jisha\ai_enhanced_output\Jisha_Birthday1 (28).jpeg in 3.78s
2026-09-16 14:23:04,083 - INFO - [28/92] Completed: Jisha_Birthday1 (28).jpeg
2026-09-16 14:23:05,917 - INFO - Processed image saved to C:/Users/1uci1er/Downloads/jisha\ai_enhanced_output\Jisha_Birthday1 (29).jpeg in 3.43s
2026-09-16 14:23:05,922 - INFO - Processed image saved to C:/Users/1uci1er/Downloads/jisha\ai_enhanced_output\Jisha_Birthday1 (30).jpeg in 3.17s
2026-09-16 14:23:05,924 - INFO - [29/92] Completed: Jisha_Birthday1 (29).jpeg
2026-09-16 14:23:05,925 - INFO - [30/92] Completed: Jisha_Birthday1 (30).jpeg
2026-09-16 14:23:06,935 - INFO - Processed image saved to C:/Users/1uci1er/Downloads/jisha\ai_enhanced_output\Jisha_Birthday1 (31).jpeg in 3.58s
2026-09-16 14:23:06,938 - INFO - [31/92] Completed: Jisha_Birthday1 (31).jpeg
2026-09-16 14:23:07,243 - INFO - Processed image saved to C:/Users/1uci1er/Downloads/jisha\ai_enhanced_output\Jisha_Birthday1 (32).jpeg in 3.16s
2026-09-16 14:23:07,245 - INFO - [32/92] Completed: Jisha_Birthday1 (32).jpeg
2026-09-16 14:23:09,192 - INFO - Processed image saved to C:/Users/1uci1er/Downloads/jisha\ai_enhanced_output\Jisha_Birthday1 (33).jpeg in 3.27s
2026-09-16 14:23:09,197 - INFO - [33/92] Completed: Jisha_Birthday1 (33).jpeg
2026-09-16 14:23:09,586 - INFO - Processed image saved to C:/Users/1uci1er/Downloads/jisha\ai_enhanced_output\Jisha_Birthday1 (34).jpeg in 3.66s
2026-09-16 14:23:09,589 - INFO - [34/92] Completed: Jisha_Birthday1 (34).jpeg
2026-09-16 14:23:10,626 - INFO - Processed image saved to C:/Users/1uci1er/Downloads/jisha\ai_enhanced_output\Jisha_Birthday1 (35).jpeg in 3.69s
2026-09-16 14:23:10,629 - INFO - [35/92] Completed: Jisha_Birthday1 (35).jpeg
2026-09-16 14:23:11,186 - INFO - Processed image saved to C:/Users/1uci1er/Downloads/jisha\ai_enhanced_output\Jisha_Birthday1 (36).jpeg in 3.94s
2026-09-16 14:23:11,188 - INFO - [36/92] Completed: Jisha_Birthday1 (36).jpeg
2026-09-16 14:23:12,134 - INFO - Processed image saved to C:/Users/1uci1er/Downloads/jisha\ai_enhanced_output\Jisha_Birthday1 (37).jpeg in 2.94s
2026-09-16 14:23:12,137 - INFO - [37/92] Completed: Jisha_Birthday1 (37).jpeg
2026-09-16 14:23:13,311 - INFO - Processed image saved to C:/Users/1uci1er/Downloads/jisha\ai_enhanced_output\Jisha_Birthday1 (38).jpeg in 3.72s
2026-09-16 14:23:13,313 - INFO - [38/92] Completed: Jisha_Birthday1 (38).jpeg
2026-09-16 14:23:13,972 - INFO - Processed image saved to C:/Users/1uci1er/Downloads/jisha\ai_enhanced_output\Jisha_Birthday1 (39).jpeg in 3.33s
2026-09-16 14:23:13,975 - INFO - [39/92] Completed: Jisha_Birthday1 (39).jpeg
2026-09-16 14:23:14,560 - INFO - Processed image saved to C:/Users/1uci1er/Downloads/jisha\ai_enhanced_output\Jisha_Birthday1 (40).jpeg in 3.37s
2026-09-16 14:23:14,563 - INFO - [40/92] Completed: Jisha_Birthday1 (40).jpeg
2026-09-16 14:23:16,187 - INFO - Processed image saved to C:/Users/1uci1er/Downloads/jisha\ai_enhanced_output\Jisha_Birthday1 (41).jpeg in 4.05s
2026-09-16 14:23:16,190 - INFO - [41/92] Completed: Jisha_Birthday1 (41).jpeg
2026-09-16 14:23:17,045 - INFO - Processed image saved to C:/Users/1uci1er/Downloads/jisha\ai_enhanced_output\Jisha_Birthday1 (42).jpeg in 3.73s
2026-09-16 14:23:17,048 - INFO - [42/92] Completed: Jisha_Birthday1 (42).jpeg
2026-09-16 14:23:17,519 - INFO - Processed image saved to C:/Users/1uci1er/Downloads/jisha\ai_enhanced_output\Jisha_Birthday1 (43).jpeg in 3.54s
2026-09-16 14:23:17,522 - INFO - [43/92] Completed: Jisha_Birthday1 (43).jpeg
2026-09-16 14:23:17,928 - INFO - Processed image saved to C:/Users/1uci1er/Downloads/jisha\ai_enhanced_output\Jisha_Birthday1 (44).jpeg in 3.36s
2026-09-16 14:23:17,932 - INFO - [44/92] Completed: Jisha_Birthday1 (44).jpeg
2026-09-16 14:23:20,075 - INFO - Processed image saved to C:/Users/1uci1er/Downloads/jisha\ai_enhanced_output\Jisha_Birthday1 (46).jpeg in 3.03s
2026-09-16 14:23:20,076 - INFO - Processed image saved to C:/Users/1uci1er/Downloads/jisha\ai_enhanced_output\Jisha_Birthday1 (45).jpeg in 3.89s
2026-09-16 14:23:20,079 - INFO - [45/92] Completed: Jisha_Birthday1 (46).jpeg
2026-09-16 14:23:20,081 - INFO - [46/92] Completed: Jisha_Birthday1 (45).jpeg
2026-09-16 14:23:20,887 - INFO - Processed image saved to C:/Users/1uci1er/Downloads/jisha\ai_enhanced_output\Jisha_Birthday1 (48).jpeg in 2.95s
2026-09-16 14:23:20,891 - INFO - [47/92] Completed: Jisha_Birthday1 (48).jpeg
2026-09-16 14:23:21,557 - INFO - Processed image saved to C:/Users/1uci1er/Downloads/jisha\ai_enhanced_output\Jisha_Birthday1 (47).jpeg in 4.03s
2026-09-16 14:23:21,561 - INFO - [48/92] Completed: Jisha_Birthday1 (47).jpeg
2026-09-16 14:23:23,962 - INFO - Processed image saved to C:/Users/1uci1er/Downloads/jisha\ai_enhanced_output\Jisha_Birthday1 (50).jpeg in 3.88s
2026-09-16 14:23:23,965 - INFO - [49/92] Completed: Jisha_Birthday1 (50).jpeg
2026-09-16 14:23:24,306 - INFO - Processed image saved to C:/Users/1uci1er/Downloads/jisha\ai_enhanced_output\Jisha_Birthday1 (51).jpeg in 3.41s
2026-09-16 14:23:24,309 - INFO - [50/92] Completed: Jisha_Birthday1 (51).jpeg
2026-09-16 14:23:24,498 - INFO - Processed image saved to C:/Users/1uci1er/Downloads/jisha\ai_enhanced_output\Jisha_Birthday1 (49).jpeg in 4.41s
2026-09-16 14:23:24,500 - INFO - [51/92] Completed: Jisha_Birthday1 (49).jpeg
2026-09-16 14:23:25,326 - INFO - Processed image saved to C:/Users/1uci1er/Downloads/jisha\ai_enhanced_output\Jisha_Birthday1 (52).jpeg in 3.76s
2026-09-16 14:23:25,335 - INFO - [52/92] Completed: Jisha_Birthday1 (52).jpeg
2026-09-16 14:23:27,484 - INFO - Processed image saved to C:/Users/1uci1er/Downloads/jisha\ai_enhanced_output\Jisha_Birthday1 (53).jpeg in 3.49s
2026-09-16 14:23:27,489 - INFO - [53/92] Completed: Jisha_Birthday1 (53).jpeg
2026-09-16 14:23:27,743 - INFO - Processed image saved to C:/Users/1uci1er/Downloads/jisha\ai_enhanced_output\Jisha_Birthday1 (54).jpeg in 3.43s
2026-09-16 14:23:27,748 - INFO - [54/92] Completed: Jisha_Birthday1 (54).jpeg
2026-09-16 14:23:27,831 - INFO - Processed image saved to C:/Users/1uci1er/Downloads/jisha\ai_enhanced_output\Jisha_Birthday1 (55).jpeg in 3.33s
2026-09-16 14:23:27,833 - INFO - [55/92] Completed: Jisha_Birthday1 (55).jpeg
2026-09-16 14:23:28,274 - INFO - Processed image saved to C:/Users/1uci1er/Downloads/jisha\ai_enhanced_output\Jisha_Birthday1 (56).jpeg in 2.94s
2026-09-16 14:23:28,278 - INFO - [56/92] Completed: Jisha_Birthday1 (56).jpeg
2026-09-16 14:23:30,510 - INFO - Processed image saved to C:/Users/1uci1er/Downloads/jisha\ai_enhanced_output\Jisha_Birthday1 (57).jpeg in 3.02s
2026-09-16 14:23:30,518 - INFO - [57/92] Completed: Jisha_Birthday1 (57).jpeg
2026-09-16 14:23:31,229 - INFO - Processed image saved to C:/Users/1uci1er/Downloads/jisha\ai_enhanced_output\Jisha_Birthday1 (58).jpeg in 3.48s
2026-09-16 14:23:31,231 - INFO - [58/92] Completed: Jisha_Birthday1 (58).jpeg
2026-09-16 14:23:31,394 - INFO - Processed image saved to C:/Users/1uci1er/Downloads/jisha\ai_enhanced_output\Jisha_Birthday1 (59).jpeg in 3.56s
2026-09-16 14:23:31,398 - INFO - [59/92] Completed: Jisha_Birthday1 (59).jpeg
2026-09-16 14:23:31,703 - INFO - Processed image saved to C:/Users/1uci1er/Downloads/jisha\ai_enhanced_output\Jisha_Birthday1 (60).jpeg in 3.42s
2026-09-16 14:23:31,705 - INFO - [60/92] Completed: Jisha_Birthday1 (60).jpeg
2026-09-16 14:23:34,853 - INFO - Processed image saved to C:/Users/1uci1er/Downloads/jisha\ai_enhanced_output\Jisha_Birthday1 (61).jpeg in 4.33s
2026-09-16 14:23:34,856 - INFO - [61/92] Completed: Jisha_Birthday1 (61).jpeg
2026-09-16 14:23:34,957 - INFO - Processed image saved to C:/Users/1uci1er/Downloads/jisha\ai_enhanced_output\Jisha_Birthday1 (62).jpeg in 3.72s
2026-09-16 14:23:34,959 - INFO - [62/92] Completed: Jisha_Birthday1 (62).jpeg
2026-09-16 14:23:35,023 - INFO - Processed image saved to C:/Users/1uci1er/Downloads/jisha\ai_enhanced_output\Jisha_Birthday1 (63).jpeg in 3.62s
2026-09-16 14:23:35,026 - INFO - [63/92] Completed: Jisha_Birthday1 (63).jpeg
2026-09-16 14:23:35,236 - INFO - Processed image saved to C:/Users/1uci1er/Downloads/jisha\ai_enhanced_output\Jisha_Birthday1 (64).jpeg in 3.53s
2026-09-16 14:23:35,239 - INFO - [64/92] Completed: Jisha_Birthday1 (64).jpeg
2026-09-16 14:23:38,195 - INFO - Processed image saved to C:/Users/1uci1er/Downloads/jisha\ai_enhanced_output\Jisha_Birthday1 (66).jpeg in 3.23s
2026-09-16 14:23:38,197 - INFO - [65/92] Completed: Jisha_Birthday1 (66).jpeg
2026-09-16 14:23:38,386 - INFO - Processed image saved to C:/Users/1uci1er/Downloads/jisha\ai_enhanced_output\Jisha_Birthday1 (67).jpeg in 3.36s
2026-09-16 14:23:38,388 - INFO - [66/92] Completed: Jisha_Birthday1 (67).jpeg
2026-09-16 14:23:38,659 - INFO - Processed image saved to C:/Users/1uci1er/Downloads/jisha\ai_enhanced_output\Jisha_Birthday1 (65).jpeg in 3.80s
2026-09-16 14:23:38,662 - INFO - [67/92] Completed: Jisha_Birthday1 (65).jpeg
2026-09-16 14:23:39,120 - INFO - Processed image saved to C:/Users/1uci1er/Downloads/jisha\ai_enhanced_output\Jisha_Birthday1 (68).jpeg in 3.88s
2026-09-16 14:23:39,123 - INFO - [68/92] Completed: Jisha_Birthday1 (68).jpeg
2026-09-16 14:23:42,040 - INFO - Processed image saved to C:/Users/1uci1er/Downloads/jisha\ai_enhanced_output\Jisha_Birthday1 (71).jpeg in 3.38s
2026-09-16 14:23:42,042 - INFO - [69/92] Completed: Jisha_Birthday1 (71).jpeg
2026-09-16 14:23:42,234 - INFO - Processed image saved to C:/Users/1uci1er/Downloads/jisha\ai_enhanced_output\Jisha_Birthday1 (69).jpeg in 4.03s
2026-09-16 14:23:42,236 - INFO - [70/92] Completed: Jisha_Birthday1 (69).jpeg
2026-09-16 14:23:42,436 - INFO - Processed image saved to C:/Users/1uci1er/Downloads/jisha\ai_enhanced_output\Jisha_Birthday1 (70).jpeg in 4.05s
2026-09-16 14:23:42,438 - INFO - [71/92] Completed: Jisha_Birthday1 (70).jpeg
2026-09-16 14:23:42,684 - INFO - Processed image saved to C:/Users/1uci1er/Downloads/jisha\ai_enhanced_output\Jisha_Birthday1 (83).jpeg in 3.56s
2026-09-16 14:23:42,687 - INFO - [72/92] Completed: Jisha_Birthday1 (83).jpeg
2026-09-16 14:23:45,710 - INFO - Processed image saved to C:/Users/1uci1er/Downloads/jisha\ai_enhanced_output\Jisha_Birthday1 (86).jpeg in 3.27s
2026-09-16 14:23:45,712 - INFO - [73/92] Completed: Jisha_Birthday1 (86).jpeg
2026-09-16 14:23:45,780 - INFO - Processed image saved to C:/Users/1uci1er/Downloads/jisha\ai_enhanced_output\Jisha_Birthday1 (84).jpeg in 3.74s
2026-09-16 14:23:45,782 - INFO - [74/92] Completed: Jisha_Birthday1 (84).jpeg
2026-09-16 14:23:45,875 - INFO - Processed image saved to C:/Users/1uci1er/Downloads/jisha\ai_enhanced_output\Jisha_Birthday1 (85).jpeg in 3.64s
2026-09-16 14:23:45,877 - INFO - [75/92] Completed: Jisha_Birthday1 (85).jpeg
2026-09-16 14:23:46,149 - INFO - Processed image saved to C:/Users/1uci1er/Downloads/jisha\ai_enhanced_output\Jisha_Birthday1 (87).jpeg in 3.46s
2026-09-16 14:23:46,166 - INFO - [76/92] Completed: Jisha_Birthday1 (87).jpeg
2026-09-16 14:23:49,165 - INFO - Processed image saved to C:/Users/1uci1er/Downloads/jisha\ai_enhanced_output\Jisha_Birthday1 (90).jpeg in 3.29s
2026-09-16 14:23:49,168 - INFO - [77/92] Completed: Jisha_Birthday1 (90).jpeg
2026-09-16 14:23:49,440 - INFO - Processed image saved to C:/Users/1uci1er/Downloads/jisha\ai_enhanced_output\Jisha_Birthday1 (89).jpeg in 3.66s
2026-09-16 14:23:49,442 - INFO - [78/92] Completed: Jisha_Birthday1 (89).jpeg
2026-09-16 14:23:49,679 - INFO - Processed image saved to C:/Users/1uci1er/Downloads/jisha\ai_enhanced_output\Jisha_Birthday1 (91).jpeg in 3.51s
2026-09-16 14:23:49,683 - INFO - [79/92] Completed: Jisha_Birthday1 (91).jpeg
2026-09-16 14:23:50,501 - INFO - Processed image saved to C:/Users/1uci1er/Downloads/jisha\ai_enhanced_output\Jisha_Birthday1 (88).jpeg in 4.79s
2026-09-16 14:23:50,504 - INFO - [80/92] Completed: Jisha_Birthday1 (88).jpeg
2026-09-16 14:23:52,317 - INFO - Processed image saved to C:/Users/1uci1er/Downloads/jisha\ai_enhanced_output\Jisha_Birthday1 (92).jpeg in 3.15s
2026-09-16 14:23:52,320 - INFO - [81/92] Completed: Jisha_Birthday1 (92).jpeg
2026-09-16 14:23:53,616 - INFO - Processed image saved to C:/Users/1uci1er/Downloads/jisha\ai_enhanced_output\Jisha_Birthday1 (73).jpeg in 3.92s
2026-09-16 14:23:53,619 - INFO - [82/92] Completed: Jisha_Birthday1 (73).jpeg
2026-09-16 14:23:54,107 - INFO - Processed image saved to C:/Users/1uci1er/Downloads/jisha\ai_enhanced_output\Jisha_Birthday1 (74).jpeg in 3.60s
2026-09-16 14:23:54,111 - INFO - [83/92] Completed: Jisha_Birthday1 (74).jpeg
2026-09-16 14:23:54,302 - INFO - Processed image saved to C:/Users/1uci1er/Downloads/jisha\ai_enhanced_output\Jisha_Birthday1 (72).jpeg in 4.86s
2026-09-16 14:23:54,306 - INFO - [84/92] Completed: Jisha_Birthday1 (72).jpeg
2026-09-16 14:23:55,763 - INFO - Processed image saved to C:/Users/1uci1er/Downloads/jisha\ai_enhanced_output\Jisha_Birthday1 (75).jpeg in 3.44s
2026-09-16 14:23:55,766 - INFO - [85/92] Completed: Jisha_Birthday1 (75).jpeg
2026-09-16 14:23:57,831 - INFO - Processed image saved to C:/Users/1uci1er/Downloads/jisha\ai_enhanced_output\Jisha_Birthday1 (77).jpeg in 3.53s
2026-09-16 14:23:57,834 - INFO - [86/92] Completed: Jisha_Birthday1 (77).jpeg
2026-09-16 14:23:58,751 - INFO - Processed image saved to C:/Users/1uci1er/Downloads/jisha\ai_enhanced_output\Jisha_Birthday1 (76).jpeg in 5.13s
2026-09-16 14:23:58,753 - INFO - [87/92] Completed: Jisha_Birthday1 (76).jpeg
2026-09-16 14:23:59,090 - INFO - Processed image saved to C:/Users/1uci1er/Downloads/jisha\ai_enhanced_output\Jisha_Birthday1 (78).jpeg in 4.78s
2026-09-16 14:23:59,094 - INFO - Processed image saved to C:/Users/1uci1er/Downloads/jisha\ai_enhanced_output\Jisha_Birthday1 (79).jpeg in 3.33s
2026-09-16 14:23:59,097 - INFO - [88/92] Completed: Jisha_Birthday1 (78).jpeg
2026-09-16 14:23:59,099 - INFO - [89/92] Completed: Jisha_Birthday1 (79).jpeg
2026-09-16 14:24:00,588 - INFO - Processed image saved to C:/Users/1uci1er/Downloads/jisha\ai_enhanced_output\Jisha_Birthday1 (80).jpeg in 2.75s
2026-09-16 14:24:00,591 - INFO - [90/92] Completed: Jisha_Birthday1 (80).jpeg
2026-09-16 14:24:01,780 - INFO - Processed image saved to C:/Users/1uci1er/Downloads/jisha\ai_enhanced_output\Jisha_Birthday1 (81).jpeg in 3.02s
2026-09-16 14:24:01,782 - INFO - [91/92] Completed: Jisha_Birthday1 (81).jpeg
2026-09-16 14:24:01,874 - INFO - Processed image saved to C:/Users/1uci1er/Downloads/jisha\ai_enhanced_output\Jisha_Birthday1 (82).jpeg in 2.77s
2026-09-16 14:24:01,875 - INFO - [92/92] Completed: Jisha_Birthday1 (82).jpeg
2026-09-16 14:24:01,880 - INFO - Successfully processed 92/92 photos
2026-09-16 14:33:09,773 - INFO - Starting interactive mode
2026-09-16 14:33:21,720 - INFO - Selected 51 images for processing
2026-09-16 14:33:28,523 - INFO - Processed image saved to C:/Users/1uci1er/Downloads/jis\ai_enhanced_output\WhatsApp Image 2026-09-16 at 12.21.32 PM.jpeg in 6.79s
2026-09-16 14:33:28,525 - INFO - [1/51] Completed: WhatsApp Image 2026-09-16 at 12.21.32 PM.jpeg
2026-09-16 14:33:28,958 - INFO - Processed image saved to C:/Users/1uci1er/Downloads/jis\ai_enhanced_output\WhatsApp Image 2026-09-16 at 12.21.33 PM (1).jpeg in 7.22s
2026-09-16 14:33:28,962 - INFO - [2/51] Completed: WhatsApp Image 2026-09-16 at 12.21.33 PM (1).jpeg
2026-09-16 14:33:28,972 - INFO - Processed image saved to C:/Users/1uci1er/Downloads/jis\ai_enhanced_output\WhatsApp Image 2026-09-16 at 12.21.33 PM (2).jpeg in 7.24s
2026-09-16 14:33:28,975 - INFO - [3/51] Completed: WhatsApp Image 2026-09-16 at 12.21.33 PM (2).jpeg
2026-09-16 14:33:29,112 - INFO - Processed image saved to C:/Users/1uci1er/Downloads/jis\ai_enhanced_output\WhatsApp Image 2026-09-16 at 12.21.32 PM (1).jpeg in 7.38s
2026-09-16 14:33:29,115 - INFO - [4/51] Completed: WhatsApp Image 2026-09-16 at 12.21.32 PM (1).jpeg
2026-09-16 14:33:32,220 - INFO - Processed image saved to C:/Users/1uci1er/Downloads/jis\ai_enhanced_output\WhatsApp Image 2026-09-16 at 12.21.33 PM.jpeg in 3.69s
2026-09-16 14:33:32,223 - INFO - [5/51] Completed: WhatsApp Image 2026-09-16 at 12.21.33 PM.jpeg
2026-09-16 14:33:32,712 - INFO - Processed image saved to C:/Users/1uci1er/Downloads/jis\ai_enhanced_output\WhatsApp Image 2026-09-16 at 12.21.34 PM (2).jpeg in 3.74s
2026-09-16 14:33:32,715 - INFO - [6/51] Completed: WhatsApp Image 2026-09-16 at 12.21.34 PM (2).jpeg
2026-09-16 14:33:32,751 - INFO - Processed image saved to C:/Users/1uci1er/Downloads/jis\ai_enhanced_output\WhatsApp Image 2026-09-16 at 12.21.34 PM.jpeg in 3.63s
2026-09-16 14:33:32,754 - INFO - [7/51] Completed: WhatsApp Image 2026-09-16 at 12.21.34 PM.jpeg
2026-09-16 14:33:32,859 - INFO - Processed image saved to C:/Users/1uci1er/Downloads/jis\ai_enhanced_output\WhatsApp Image 2026-09-16 at 12.21.34 PM (1).jpeg in 3.90s
2026-09-16 14:33:32,863 - INFO - [8/51] Completed: WhatsApp Image 2026-09-16 at 12.21.34 PM (1).jpeg
2026-09-16 14:33:36,148 - INFO - Processed image saved to C:/Users/1uci1er/Downloads/jis\ai_enhanced_output\WhatsApp Image 2026-09-16 at 12.21.35 PM (1).jpeg in 3.92s
2026-09-16 14:33:36,151 - INFO - [9/51] Completed: WhatsApp Image 2026-09-16 at 12.21.35 PM (1).jpeg
2026-09-16 14:33:36,848 - INFO - Processed image saved to C:/Users/1uci1er/Downloads/jis\ai_enhanced_output\WhatsApp Image 2026-09-16 at 12.21.36 PM (1).jpeg in 3.98s
2026-09-16 14:33:36,851 - INFO - [10/51] Completed: WhatsApp Image 2026-09-16 at 12.21.36 PM (1).jpeg
2026-09-16 14:33:36,962 - INFO - Processed image saved to C:/Users/1uci1er/Downloads/jis\ai_enhanced_output\WhatsApp Image 2026-09-16 at 12.21.35 PM (2).jpeg in 4.25s
2026-09-16 14:33:36,965 - INFO - [11/51] Completed: WhatsApp Image 2026-09-16 at 12.21.35 PM (2).jpeg
2026-09-16 14:33:36,987 - INFO - Processed image saved to C:/Users/1uci1er/Downloads/jis\ai_enhanced_output\WhatsApp Image 2026-09-16 at 12.21.35 PM.jpeg in 4.23s
2026-09-16 14:33:36,989 - INFO - [12/51] Completed: WhatsApp Image 2026-09-16 at 12.21.35 PM.jpeg
2026-09-16 14:33:39,055 - INFO - Processed image saved to C:/Users/1uci1er/Downloads/jis\ai_enhanced_output\WhatsApp Image 2026-09-16 at 12.21.36 PM (2).jpeg in 2.86s
2026-09-16 14:33:39,057 - INFO - [13/51] Completed: WhatsApp Image 2026-09-16 at 12.21.36 PM (2).jpeg
2026-09-16 14:33:41,419 - INFO - Processed image saved to C:/Users/1uci1er/Downloads/jis\ai_enhanced_output\WhatsApp Image 2026-09-16 at 12.21.36 PM (3).jpeg in 4.57s
2026-09-16 14:33:41,422 - INFO - Processed image saved to C:/Users/1uci1er/Downloads/jis\ai_enhanced_output\WhatsApp Image 2026-09-16 at 12.21.36 PM.jpeg in 4.45s
2026-09-16 14:33:41,426 - INFO - [14/51] Completed: WhatsApp Image 2026-09-16 at 12.21.36 PM.jpeg
2026-09-16 14:33:41,432 - INFO - [15/51] Completed: WhatsApp Image 2026-09-16 at 12.21.36 PM (3).jpeg
2026-09-16 14:33:41,504 - INFO - Processed image saved to C:/Users/1uci1er/Downloads/jis\ai_enhanced_output\WhatsApp Image 2026-09-16 at 12.21.37 PM (1).jpeg in 4.51s
2026-09-16 14:33:41,510 - INFO - [16/51] Completed: WhatsApp Image 2026-09-16 at 12.21.37 PM (1).jpeg
2026-09-16 14:33:44,148 - INFO - Processed image saved to C:/Users/1uci1er/Downloads/jis\ai_enhanced_output\WhatsApp Image 2026-09-16 at 12.21.37 PM (2).jpeg in 5.09s
2026-09-16 14:33:44,152 - INFO - [17/51] Completed: WhatsApp Image 2026-09-16 at 12.21.37 PM (2).jpeg
2026-09-16 14:33:46,267 - INFO - Processed image saved to C:/Users/1uci1er/Downloads/jis\ai_enhanced_output\WhatsApp Image 2026-09-16 at 12.21.37 PM.jpeg in 4.83s
2026-09-16 14:33:46,270 - INFO - [18/51] Completed: WhatsApp Image 2026-09-16 at 12.21.37 PM.jpeg
2026-09-16 14:33:46,288 - INFO - Processed image saved to C:/Users/1uci1er/Downloads/jis\ai_enhanced_output\WhatsApp Image 2026-09-16 at 12.21.38 PM (1).jpeg in 4.85s
2026-09-16 14:33:46,291 - INFO - [19/51] Completed: WhatsApp Image 2026-09-16 at 12.21.38 PM (1).jpeg
2026-09-16 14:33:47,223 - INFO - Processed image saved to C:/Users/1uci1er/Downloads/jis\ai_enhanced_output\WhatsApp Image 2026-09-16 at 12.21.38 PM (2).jpeg in 5.71s
2026-09-16 14:33:47,231 - INFO - [20/51] Completed: WhatsApp Image 2026-09-16 at 12.21.38 PM (2).jpeg
2026-09-16 14:33:48,354 - INFO - Processed image saved to C:/Users/1uci1er/Downloads/jis\ai_enhanced_output\WhatsApp Image 2026-09-16 at 12.21.38 PM.jpeg in 4.20s
2026-09-16 14:33:48,358 - INFO - [21/51] Completed: WhatsApp Image 2026-09-16 at 12.21.38 PM.jpeg
2026-09-16 14:33:51,343 - INFO - Processed image saved to C:/Users/1uci1er/Downloads/jis\ai_enhanced_output\WhatsApp Image 2026-09-16 at 12.21.39 PM (1).jpeg in 5.07s
2026-09-16 14:33:51,346 - INFO - [22/51] Completed: WhatsApp Image 2026-09-16 at 12.21.39 PM (1).jpeg
2026-09-16 14:33:51,662 - INFO - Processed image saved to C:/Users/1uci1er/Downloads/jis\ai_enhanced_output\WhatsApp Image 2026-09-16 at 12.21.39 PM.jpeg in 4.42s
2026-09-16 14:33:51,665 - INFO - [23/51] Completed: WhatsApp Image 2026-09-16 at 12.21.39 PM.jpeg
2026-09-16 14:33:52,094 - INFO - Processed image saved to C:/Users/1uci1er/Downloads/jis\ai_enhanced_output\WhatsApp Image 2026-09-16 at 12.21.40 PM (1).jpeg in 3.72s
2026-09-16 14:33:52,098 - INFO - [24/51] Completed: WhatsApp Image 2026-09-16 at 12.21.40 PM (1).jpeg
2026-09-16 14:33:52,221 - INFO - Processed image saved to C:/Users/1uci1er/Downloads/jis\ai_enhanced_output\WhatsApp Image 2026-09-16 at 12.21.39 PM (2).jpeg in 5.93s
2026-09-16 14:33:52,224 - INFO - [25/51] Completed: WhatsApp Image 2026-09-16 at 12.21.39 PM (2).jpeg
2026-09-16 14:33:56,525 - INFO - Processed image saved to C:/Users/1uci1er/Downloads/jis\ai_enhanced_output\WhatsApp Image 2026-09-16 at 12.21.40 PM (2).jpeg in 5.18s
2026-09-16 14:33:56,528 - INFO - [26/51] Completed: WhatsApp Image 2026-09-16 at 12.21.40 PM (2).jpeg
2026-09-16 14:33:56,998 - INFO - Processed image saved to C:/Users/1uci1er/Downloads/jis\ai_enhanced_output\WhatsApp Image 2026-09-16 at 12.21.40 PM (3).jpeg in 5.33s
2026-09-16 14:33:57,001 - INFO - [27/51] Completed: WhatsApp Image 2026-09-16 at 12.21.40 PM (3).jpeg
2026-09-16 14:33:57,069 - INFO - Processed image saved to C:/Users/1uci1er/Downloads/jis\ai_enhanced_output\WhatsApp Image 2026-09-16 at 12.21.40 PM.jpeg in 4.97s
2026-09-16 14:33:57,071 - INFO - [28/51] Completed: WhatsApp Image 2026-09-16 at 12.21.40 PM.jpeg
2026-09-16 14:33:57,426 - INFO - Processed image saved to C:/Users/1uci1er/Downloads/jis\ai_enhanced_output\WhatsApp Image 2026-09-16 at 12.21.41 PM (1).jpeg in 5.20s
2026-09-16 14:33:57,429 - INFO - [29/51] Completed: WhatsApp Image 2026-09-16 at 12.21.41 PM (1).jpeg
2026-09-16 14:34:00,833 - INFO - Processed image saved to C:/Users/1uci1er/Downloads/jis\ai_enhanced_output\WhatsApp Image 2026-09-16 at 12.21.41 PM (2).jpeg in 4.30s
2026-09-16 14:34:00,836 - INFO - [30/51] Completed: WhatsApp Image 2026-09-16 at 12.21.41 PM (2).jpeg
2026-09-16 14:34:00,926 - INFO - Processed image saved to C:/Users/1uci1er/Downloads/jis\ai_enhanced_output\WhatsApp Image 2026-09-16 at 12.21.41 PM.jpeg in 3.92s
2026-09-16 14:34:00,929 - INFO - [31/51] Completed: WhatsApp Image 2026-09-16 at 12.21.41 PM.jpeg
2026-09-16 14:34:01,137 - INFO - Processed image saved to C:/Users/1uci1er/Downloads/jis\ai_enhanced_output\WhatsApp Image 2026-09-16 at 12.21.42 PM (2).jpeg in 3.71s
2026-09-16 14:34:01,139 - INFO - [32/51] Completed: WhatsApp Image 2026-09-16 at 12.21.42 PM (2).jpeg
2026-09-16 14:34:01,169 - INFO - Processed image saved to C:/Users/1uci1er/Downloads/jis\ai_enhanced_output\WhatsApp Image 2026-09-16 at 12.21.42 PM (1).jpeg in 4.09s
2026-09-16 14:34:01,171 - INFO - [33/51] Completed: WhatsApp Image 2026-09-16 at 12.21.42 PM (1).jpeg
2026-09-16 14:34:04,362 - INFO - Processed image saved to C:/Users/1uci1er/Downloads/jis\ai_enhanced_output\WhatsApp Image 2026-09-16 at 12.21.42 PM.jpeg in 3.52s
2026-09-16 14:34:04,365 - INFO - [34/51] Completed: WhatsApp Image 2026-09-16 at 12.21.42 PM.jpeg
2026-09-16 14:34:05,036 - INFO - Processed image saved to C:/Users/1uci1er/Downloads/jis\ai_enhanced_output\WhatsApp Image 2026-09-16 at 12.21.43 PM (1).jpeg in 4.10s
2026-09-16 14:34:05,038 - INFO - [35/51] Completed: WhatsApp Image 2026-09-16 at 12.21.43 PM (1).jpeg
2026-09-16 14:34:05,087 - INFO - Processed image saved to C:/Users/1uci1er/Downloads/jis\ai_enhanced_output\WhatsApp Image 2026-09-16 at 12.21.43 PM (2).jpeg in 3.95s
2026-09-16 14:34:05,090 - INFO - [36/51] Completed: WhatsApp Image 2026-09-16 at 12.21.43 PM (2).jpeg
2026-09-16 14:34:05,185 - INFO - Processed image saved to C:/Users/1uci1er/Downloads/jis\ai_enhanced_output\WhatsApp Image 2026-09-16 at 12.21.43 PM (3).jpeg in 4.01s
2026-09-16 14:34:05,188 - INFO - [37/51] Completed: WhatsApp Image 2026-09-16 at 12.21.43 PM (3).jpeg
2026-09-16 14:34:07,455 - INFO - Processed image saved to C:/Users/1uci1er/Downloads/jis\ai_enhanced_output\WhatsApp Image 2026-09-16 at 12.21.43 PM.jpeg in 3.09s
2026-09-16 14:34:07,458 - INFO - [38/51] Completed: WhatsApp Image 2026-09-16 at 12.21.43 PM.jpeg
2026-09-16 14:34:08,971 - INFO - Processed image saved to C:/Users/1uci1er/Downloads/jis\ai_enhanced_output\WhatsApp Image 2026-09-16 at 12.21.44 PM (2).jpeg in 3.88s
2026-09-16 14:34:08,974 - INFO - [39/51] Completed: WhatsApp Image 2026-09-16 at 12.21.44 PM (2).jpeg
2026-09-16 14:34:09,586 - INFO - Processed image saved to C:/Users/1uci1er/Downloads/jis\ai_enhanced_output\WhatsApp Image 2026-09-16 at 12.21.44 PM.jpeg in 4.40s
2026-09-16 14:34:09,589 - INFO - [40/51] Completed: WhatsApp Image 2026-09-16 at 12.21.44 PM.jpeg
2026-09-16 14:34:09,625 - INFO - Processed image saved to C:/Users/1uci1er/Downloads/jis\ai_enhanced_output\WhatsApp Image 2026-09-16 at 12.21.44 PM (1).jpeg in 4.58s
2026-09-16 14:34:09,628 - INFO - [41/51] Completed: WhatsApp Image 2026-09-16 at 12.21.44 PM (1).jpeg
2026-09-16 14:34:10,353 - INFO - Processed image saved to C:/Users/1uci1er/Downloads/jis\ai_enhanced_output\WhatsApp Image 2026-09-16 at 12.21.45 PM (1).jpeg in 2.89s
2026-09-16 14:34:10,356 - INFO - [42/51] Completed: WhatsApp Image 2026-09-16 at 12.21.45 PM (1).jpeg
2026-09-16 14:34:12,544 - INFO - Processed image saved to C:/Users/1uci1er/Downloads/jis\ai_enhanced_output\WhatsApp Image 2026-09-16 at 12.21.45 PM (2).jpeg in 3.56s
2026-09-16 14:34:12,547 - INFO - [43/51] Completed: WhatsApp Image 2026-09-16 at 12.21.45 PM (2).jpeg
2026-09-16 14:34:13,151 - INFO - Processed image saved to C:/Users/1uci1er/Downloads/jis\ai_enhanced_output\WhatsApp Image 2026-09-16 at 12.21.46 PM (1).jpeg in 3.52s
2026-09-16 14:34:13,154 - INFO - [44/51] Completed: WhatsApp Image 2026-09-16 at 12.21.46 PM (1).jpeg
2026-09-16 14:34:13,175 - INFO - Processed image saved to C:/Users/1uci1er/Downloads/jis\ai_enhanced_output\WhatsApp Image 2026-09-16 at 12.21.45 PM.jpeg in 3.58s
2026-09-16 14:34:13,179 - INFO - [45/51] Completed: WhatsApp Image 2026-09-16 at 12.21.45 PM.jpeg
2026-09-16 14:34:13,671 - INFO - Processed image saved to C:/Users/1uci1er/Downloads/jis\ai_enhanced_output\WhatsApp Image 2026-09-16 at 12.21.46 PM (2).jpeg in 3.31s
2026-09-16 14:34:13,673 - INFO - [46/51] Completed: WhatsApp Image 2026-09-16 at 12.21.46 PM (2).jpeg
2026-09-16 14:34:16,292 - INFO - Processed image saved to C:/Users/1uci1er/Downloads/jis\ai_enhanced_output\WhatsApp Image 2026-09-16 at 12.21.46 PM.jpeg in 3.74s
2026-09-16 14:34:16,295 - INFO - [47/51] Completed: WhatsApp Image 2026-09-16 at 12.21.46 PM.jpeg
2026-09-16 14:34:16,460 - INFO - Processed image saved to C:/Users/1uci1er/Downloads/jis\ai_enhanced_output\WhatsApp Image 2026-09-16 at 12.21.47 PM (2).jpeg in 3.28s
2026-09-16 14:34:16,462 - INFO - [48/51] Completed: WhatsApp Image 2026-09-16 at 12.21.47 PM (2).jpeg
2026-09-16 14:34:17,204 - INFO - Processed image saved to C:/Users/1uci1er/Downloads/jis\ai_enhanced_output\WhatsApp Image 2026-09-16 at 12.21.47 PM.jpeg in 3.53s
2026-09-16 14:34:17,206 - INFO - [49/51] Completed: WhatsApp Image 2026-09-16 at 12.21.47 PM.jpeg
2026-09-16 14:34:17,294 - INFO - Processed image saved to C:/Users/1uci1er/Downloads/jis\ai_enhanced_output\WhatsApp Image 2026-09-16 at 12.21.47 PM (1).jpeg in 4.14s
2026-09-16 14:34:17,296 - INFO - [50/51] Completed: WhatsApp Image 2026-09-16 at 12.21.47 PM (1).jpeg
2026-09-16 14:34:18,447 - INFO - Processed image saved to C:/Users/1uci1er/Downloads/jis\ai_enhanced_output\WhatsApp Image 2026-09-16 at 12.21.48 PM.jpeg in 2.15s
2026-09-16 14:34:18,455 - INFO - [51/51] Completed: WhatsApp Image 2026-09-16 at 12.21.48 PM.jpeg
2026-09-16 14:34:18,459 - INFO - Successfully processed 51/51 photos
2026-09-17 21:49:18,511 - INFO - Starting interactive mode
2026-09-17 21:49:33,470 - INFO - Selected 95 images for processing
2026-09-17 21:49:42,712 - INFO - Processed image saved to C:/Users/1uci1er/Downloads/Jisha\ai_enhanced_output\Jisha_birthday(81).jpeg in 9.21s
2026-09-17 21:49:42,714 - INFO - [1/95] Completed: Jisha_birthday(81).jpeg
2026-09-17 21:49:43,445 - INFO - Processed image saved to C:/Users/1uci1er/Downloads/Jisha\ai_enhanced_output\Jisha_birthday(96).jpeg in 9.94s
2026-09-17 21:49:43,448 - INFO - [2/95] Completed: Jisha_birthday(96).jpeg
2026-09-17 21:49:43,485 - INFO - Processed image saved to C:/Users/1uci1er/Downloads/Jisha\ai_enhanced_output\Jisha_birthday(94).jpeg in 9.98s
2026-09-17 21:49:43,488 - INFO - [3/95] Completed: Jisha_birthday(94).jpeg
2026-09-17 21:49:43,906 - INFO - Processed image saved to C:/Users/1uci1er/Downloads/Jisha\ai_enhanced_output\Jisha_birthday(87).jpeg in 10.40s
2026-09-17 21:49:43,963 - INFO - [4/95] Completed: Jisha_birthday(87).jpeg
2026-09-17 21:49:46,205 - INFO - Processed image saved to C:/Users/1uci1er/Downloads/Jisha\ai_enhanced_output\Jisha_birthday(88).jpeg in 3.49s
2026-09-17 21:49:46,207 - INFO - [5/95] Completed: Jisha_birthday(88).jpeg
2026-09-17 21:49:47,200 - INFO - Processed image saved to C:/Users/1uci1er/Downloads/Jisha\ai_enhanced_output\Jisha_birthday(90).jpeg in 3.71s
2026-09-17 21:49:47,205 - INFO - [6/95] Completed: Jisha_birthday(90).jpeg
2026-09-17 21:49:47,638 - INFO - Processed image saved to C:/Users/1uci1er/Downloads/Jisha\ai_enhanced_output\Jisha_birthday(89).jpeg in 4.18s
2026-09-17 21:49:47,647 - INFO - [7/95] Completed: Jisha_birthday(89).jpeg
2026-09-17 21:49:48,123 - INFO - Processed image saved to C:/Users/1uci1er/Downloads/Jisha\ai_enhanced_output\Jisha_birthday(91).jpeg in 4.14s
2026-09-17 21:49:48,126 - INFO - [8/95] Completed: Jisha_birthday(91).jpeg
2026-09-17 21:49:49,031 - INFO - Processed image saved to C:/Users/1uci1er/Downloads/Jisha\ai_enhanced_output\Jisha_birthday(84).jpeg in 2.82s
2026-09-17 21:49:49,037 - INFO - [9/95] Completed: Jisha_birthday(84).jpeg
2026-09-17 21:49:50,740 - INFO - Processed image saved to C:/Users/1uci1er/Downloads/Jisha\ai_enhanced_output\Jisha_birthday(76).jpeg in 3.53s
2026-09-17 21:49:50,743 - INFO - [10/95] Completed: Jisha_birthday(76).jpeg
2026-09-17 21:49:51,174 - INFO - Processed image saved to C:/Users/1uci1er/Downloads/Jisha\ai_enhanced_output\Jisha_birthday(77).jpeg in 3.53s
2026-09-17 21:49:51,178 - INFO - [11/95] Completed: Jisha_birthday(77).jpeg
2026-09-17 21:49:51,388 - INFO - Processed image saved to C:/Users/1uci1er/Downloads/Jisha\ai_enhanced_output\Jisha_birthday(78).jpeg in 3.26s
2026-09-17 21:49:51,391 - INFO - [12/95] Completed: Jisha_birthday(78).jpeg
2026-09-17 21:49:51,874 - INFO - Processed image saved to C:/Users/1uci1er/Downloads/Jisha\ai_enhanced_output\Jisha_birthday(79).jpeg in 2.83s
2026-09-17 21:49:51,877 - INFO - [13/95] Completed: Jisha_birthday(79).jpeg
2026-09-17 21:49:54,534 - INFO - Processed image saved to C:/Users/1uci1er/Downloads/Jisha\ai_enhanced_output\Jisha_birthday(80).jpeg in 3.79s
2026-09-17 21:49:54,537 - INFO - [14/95] Completed: Jisha_birthday(80).jpeg
2026-09-17 21:49:54,950 - INFO - Processed image saved to C:/Users/1uci1er/Downloads/Jisha\ai_enhanced_output\Jisha_birthday(62).jpeg in 3.56s
2026-09-17 21:49:54,954 - INFO - [15/95] Completed: Jisha_birthday(62).jpeg
2026-09-17 21:49:55,335 - INFO - Processed image saved to C:/Users/1uci1er/Downloads/Jisha\ai_enhanced_output\Jisha_birthday(82).jpeg in 4.16s
2026-09-17 21:49:55,338 - INFO - [16/95] Completed: Jisha_birthday(82).jpeg
2026-09-17 21:49:55,387 - INFO - Processed image saved to C:/Users/1uci1er/Downloads/Jisha\ai_enhanced_output\Jisha_birthday(63).jpeg in 3.51s
2026-09-17 21:49:55,390 - INFO - [17/95] Completed: Jisha_birthday(63).jpeg
2026-09-17 21:49:57,456 - INFO - Processed image saved to C:/Users/1uci1er/Downloads/Jisha\ai_enhanced_output\Jisha_birthday(64).jpeg in 2.89s
2026-09-17 21:49:57,459 - INFO - [18/95] Completed: Jisha_birthday(64).jpeg
2026-09-17 21:49:58,901 - INFO - Processed image saved to C:/Users/1uci1er/Downloads/Jisha\ai_enhanced_output\Jisha_birthday(65).jpeg in 3.94s
2026-09-17 21:49:58,903 - INFO - [19/95] Completed: Jisha_birthday(65).jpeg
2026-09-17 21:49:59,109 - INFO - Processed image saved to C:/Users/1uci1er/Downloads/Jisha\ai_enhanced_output\Jisha_birthday(67).jpeg in 3.72s
2026-09-17 21:49:59,112 - INFO - [20/95] Completed: Jisha_birthday(67).jpeg
2026-09-17 21:49:59,415 - INFO - Processed image saved to C:/Users/1uci1er/Downloads/Jisha\ai_enhanced_output\Jisha_birthday(66).jpeg in 4.07s
2026-09-17 21:49:59,418 - INFO - [21/95] Completed: Jisha_birthday(66).jpeg
2026-09-17 21:50:01,169 - INFO - Processed image saved to C:/Users/1uci1er/Downloads/Jisha\ai_enhanced_output\Jisha_birthday(68).jpeg in 3.51s
2026-09-17 21:50:01,172 - INFO - [22/95] Completed: Jisha_birthday(68).jpeg
2026-09-17 21:50:02,233 - INFO - Processed image saved to C:/Users/1uci1er/Downloads/Jisha\ai_enhanced_output\Jisha_birthday(69).jpeg in 3.33s
2026-09-17 21:50:02,237 - INFO - [23/95] Completed: Jisha_birthday(69).jpeg
2026-09-17 21:50:02,778 - INFO - Processed image saved to C:/Users/1uci1er/Downloads/Jisha\ai_enhanced_output\Jisha_birthday(61).jpeg in 3.36s
2026-09-17 21:50:02,784 - INFO - [24/95] Completed: Jisha_birthday(61).jpeg
2026-09-17 21:50:03,228 - INFO - Processed image saved to C:/Users/1uci1er/Downloads/Jisha\ai_enhanced_output\Jisha_birthday(70).jpeg in 4.11s
2026-09-17 21:50:03,230 - INFO - [25/95] Completed: Jisha_birthday(70).jpeg
2026-09-17 21:50:04,460 - INFO - Processed image saved to C:/Users/1uci1er/Downloads/Jisha\ai_enhanced_output\Jisha_birthday(40).jpeg in 3.28s
2026-09-17 21:50:04,465 - INFO - [26/95] Completed: Jisha_birthday(40).jpeg
2026-09-17 21:50:06,154 - INFO - Processed image saved to C:/Users/1uci1er/Downloads/Jisha\ai_enhanced_output\Jisha_birthday(8).jpeg in 3.92s
2026-09-17 21:50:06,366 - INFO - [27/95] Completed: Jisha_birthday(8).jpeg
2026-09-17 21:50:06,630 - INFO - Processed image saved to C:/Users/1uci1er/Downloads/Jisha\ai_enhanced_output\Jisha_birthday(41).jpeg in 3.84s
2026-09-17 21:50:06,632 - INFO - [28/95] Completed: Jisha_birthday(41).jpeg
2026-09-17 21:50:06,657 - INFO - Processed image saved to C:/Users/1uci1er/Downloads/Jisha\ai_enhanced_output\Jisha_birthday(42).jpeg in 3.43s
2026-09-17 21:50:06,660 - INFO - [29/95] Completed: Jisha_birthday(42).jpeg
2026-09-17 21:50:07,678 - INFO - Processed image saved to C:/Users/1uci1er/Downloads/Jisha\ai_enhanced_output\Jisha_birthday(43).jpeg in 3.21s
2026-09-17 21:50:07,680 - INFO - [30/95] Completed: Jisha_birthday(43).jpeg
2026-09-17 21:50:09,826 - INFO - Processed image saved to C:/Users/1uci1er/Downloads/Jisha\ai_enhanced_output\Jisha_birthday(44).jpeg in 3.45s
2026-09-17 21:50:09,829 - INFO - [31/95] Completed: Jisha_birthday(44).jpeg
2026-09-17 21:50:10,253 - INFO - Processed image saved to C:/Users/1uci1er/Downloads/Jisha\ai_enhanced_output\Jisha_birthday(45).jpeg in 3.62s
2026-09-17 21:50:10,287 - INFO - [32/95] Completed: Jisha_birthday(45).jpeg
2026-09-17 21:50:10,292 - INFO - Processed image saved to C:/Users/1uci1er/Downloads/Jisha\ai_enhanced_output\Jisha_birthday(46).jpeg in 3.63s
2026-09-17 21:50:10,296 - INFO - [33/95] Completed: Jisha_birthday(46).jpeg
2026-09-17 21:50:11,220 - INFO - Processed image saved to C:/Users/1uci1er/Downloads/Jisha\ai_enhanced_output\Jisha_birthday(47).jpeg in 3.54s
2026-09-17 21:50:11,222 - INFO - [34/95] Completed: Jisha_birthday(47).jpeg
2026-09-17 21:50:13,854 - INFO - Processed image saved to C:/Users/1uci1er/Downloads/Jisha\ai_enhanced_output\Jisha_birthday(48).jpeg in 4.02s
2026-09-17 21:50:13,857 - INFO - [35/95] Completed: Jisha_birthday(48).jpeg
2026-09-17 21:50:14,191 - INFO - Processed image saved to C:/Users/1uci1er/Downloads/Jisha\ai_enhanced_output\Jisha_birthday(49).jpeg in 3.90s
2026-09-17 21:50:14,193 - INFO - [36/95] Completed: Jisha_birthday(49).jpeg
2026-09-17 21:50:14,280 - INFO - Processed image saved to C:/Users/1uci1er/Downloads/Jisha\ai_enhanced_output\Jisha_birthday(50).jpeg in 3.98s
2026-09-17 21:50:14,282 - INFO - [37/95] Completed: Jisha_birthday(50).jpeg
2026-09-17 21:50:14,721 - INFO - Processed image saved to C:/Users/1uci1er/Downloads/Jisha\ai_enhanced_output\Jisha_birthday(51).jpeg in 3.50s
2026-09-17 21:50:14,724 - INFO - [38/95] Completed: Jisha_birthday(51).jpeg
2026-09-17 21:50:18,123 - INFO - Processed image saved to C:/Users/1uci1er/Downloads/Jisha\ai_enhanced_output\Jisha_birthday(53).jpeg in 3.93s
2026-09-17 21:50:18,126 - INFO - [39/95] Completed: Jisha_birthday(53).jpeg
2026-09-17 21:50:18,270 - INFO - Processed image saved to C:/Users/1uci1er/Downloads/Jisha\ai_enhanced_output\Jisha_birthday(52).jpeg in 4.41s
2026-09-17 21:50:18,273 - INFO - [40/95] Completed: Jisha_birthday(52).jpeg
2026-09-17 21:50:18,670 - INFO - Processed image saved to C:/Users/1uci1er/Downloads/Jisha\ai_enhanced_output\Jisha_birthday(60).jpeg in 3.94s
2026-09-17 21:50:18,713 - INFO - [41/95] Completed: Jisha_birthday(60).jpeg
2026-09-17 21:50:19,001 - INFO - Processed image saved to C:/Users/1uci1er/Downloads/Jisha\ai_enhanced_output\Jisha_birthday(57).jpeg in 4.72s
2026-09-17 21:50:19,003 - INFO - [42/95] Completed: Jisha_birthday(57).jpeg
2026-09-17 21:50:21,726 - INFO - Processed image saved to C:/Users/1uci1er/Downloads/Jisha\ai_enhanced_output\Jisha_birthday(30).jpeg in 3.45s
2026-09-17 21:50:21,729 - INFO - [43/95] Completed: Jisha_birthday(30).jpeg
2026-09-17 21:50:22,014 - INFO - Processed image saved to C:/Users/1uci1er/Downloads/Jisha\ai_enhanced_output\Jisha_birthday(29).jpeg in 3.89s
2026-09-17 21:50:22,016 - INFO - [44/95] Completed: Jisha_birthday(29).jpeg
2026-09-17 21:50:22,523 - INFO - Processed image saved to C:/Users/1uci1er/Downloads/Jisha\ai_enhanced_output\Jisha_birthday(32).jpeg in 3.51s
2026-09-17 21:50:22,526 - INFO - [45/95] Completed: Jisha_birthday(32).jpeg
2026-09-17 21:50:22,634 - INFO - Processed image saved to C:/Users/1uci1er/Downloads/Jisha\ai_enhanced_output\Jisha_birthday(31).jpeg in 3.92s
2026-09-17 21:50:22,638 - INFO - [46/95] Completed: Jisha_birthday(31).jpeg
2026-09-17 21:50:25,289 - INFO - Processed image saved to C:/Users/1uci1er/Downloads/Jisha\ai_enhanced_output\Jisha_birthday(33).jpeg in 3.56s
2026-09-17 21:50:25,292 - INFO - [47/95] Completed: Jisha_birthday(33).jpeg
2026-09-17 21:50:26,310 - INFO - Processed image saved to C:/Users/1uci1er/Downloads/Jisha\ai_enhanced_output\Jisha_birthday(34).jpeg in 4.29s
2026-09-17 21:50:26,315 - INFO - [48/95] Completed: Jisha_birthday(34).jpeg
2026-09-17 21:50:26,402 - INFO - Processed image saved to C:/Users/1uci1er/Downloads/Jisha\ai_enhanced_output\Jisha_birthday(35).jpeg in 3.87s
2026-09-17 21:50:26,406 - INFO - [49/95] Completed: Jisha_birthday(35).jpeg
2026-09-17 21:50:27,423 - INFO - Processed image saved to C:/Users/1uci1er/Downloads/Jisha\ai_enhanced_output\Jisha_birthday(36).jpeg in 4.78s
2026-09-17 21:50:27,428 - INFO - [50/95] Completed: Jisha_birthday(36).jpeg
2026-09-17 21:50:29,115 - INFO - Processed image saved to C:/Users/1uci1er/Downloads/Jisha\ai_enhanced_output\Jisha_birthday(37).jpeg in 3.82s
2026-09-17 21:50:29,118 - INFO - [51/95] Completed: Jisha_birthday(37).jpeg
2026-09-17 21:50:30,443 - INFO - Processed image saved to C:/Users/1uci1er/Downloads/Jisha\ai_enhanced_output\Jisha_birthday(39).jpeg in 4.03s
2026-09-17 21:50:30,445 - INFO - [52/95] Completed: Jisha_birthday(39).jpeg
2026-09-17 21:50:31,245 - INFO - Processed image saved to C:/Users/1uci1er/Downloads/Jisha\ai_enhanced_output\Jisha_birthday(27).jpeg in 3.81s
2026-09-17 21:50:31,249 - INFO - [53/95] Completed: Jisha_birthday(27).jpeg
2026-09-17 21:50:31,663 - INFO - Processed image saved to C:/Users/1uci1er/Downloads/Jisha\ai_enhanced_output\Jisha_birthday(38).jpeg in 5.35s
2026-09-17 21:50:31,667 - INFO - [54/95] Completed: Jisha_birthday(38).jpeg
2026-09-17 21:50:33,315 - INFO - Processed image saved to C:/Users/1uci1er/Downloads/Jisha\ai_enhanced_output\Jisha_birthday(28).jpeg in 4.20s
2026-09-17 21:50:33,317 - INFO - [55/95] Completed: Jisha_birthday(28).jpeg
2026-09-17 21:50:33,998 - INFO - Processed image saved to C:/Users/1uci1er/Downloads/Jisha\ai_enhanced_output\Jisha_birthday(26).jpeg in 3.55s
2026-09-17 21:50:34,002 - INFO - [56/95] Completed: Jisha_birthday(26).jpeg
2026-09-17 21:50:34,886 - INFO - Processed image saved to C:/Users/1uci1er/Downloads/Jisha\ai_enhanced_output\Jisha_birthday(23).jpeg in 3.22s
2026-09-17 21:50:34,888 - INFO - [57/95] Completed: Jisha_birthday(23).jpeg
2026-09-17 21:50:34,972 - INFO - Processed image saved to C:/Users/1uci1er/Downloads/Jisha\ai_enhanced_output\Jisha_birthday(25).jpeg in 3.72s
2026-09-17 21:50:34,974 - INFO - [58/95] Completed: Jisha_birthday(25).jpeg
2026-09-17 21:50:38,129 - INFO - Processed image saved to C:/Users/1uci1er/Downloads/Jisha\ai_enhanced_output\Jisha_birthday(19).jpeg in 4.81s
2026-09-17 21:50:38,144 - INFO - [59/95] Completed: Jisha_birthday(19).jpeg
2026-09-17 21:50:38,325 - INFO - Processed image saved to C:/Users/1uci1er/Downloads/Jisha\ai_enhanced_output\Jisha_birthday(18).jpeg in 4.32s
2026-09-17 21:50:38,327 - INFO - [60/95] Completed: Jisha_birthday(18).jpeg
2026-09-17 21:50:38,969 - INFO - Processed image saved to C:/Users/1uci1er/Downloads/Jisha\ai_enhanced_output\Jisha_birthday(17).jpeg in 4.08s
2026-09-17 21:50:38,972 - INFO - [61/95] Completed: Jisha_birthday(17).jpeg
2026-09-17 21:50:39,162 - INFO - Processed image saved to C:/Users/1uci1er/Downloads/Jisha\ai_enhanced_output\Jisha_birthday(15).jpeg in 4.18s
2026-09-17 21:50:39,164 - INFO - [62/95] Completed: Jisha_birthday(15).jpeg
2026-09-17 21:50:42,340 - INFO - Processed image saved to C:/Users/1uci1er/Downloads/Jisha\ai_enhanced_output\Jisha_birthday(13).jpeg in 4.01s
2026-09-17 21:50:42,344 - INFO - [63/95] Completed: Jisha_birthday(13).jpeg
2026-09-17 21:50:43,190 - INFO - Processed image saved to C:/Users/1uci1er/Downloads/Jisha\ai_enhanced_output\Jisha_birthday(12).jpeg in 4.22s
2026-09-17 21:50:43,193 - INFO - [64/95] Completed: Jisha_birthday(12).jpeg
2026-09-17 21:50:43,236 - INFO - Processed image saved to C:/Users/1uci1er/Downloads/Jisha\ai_enhanced_output\Jisha_birthday(14).jpeg in 5.09s
2026-09-17 21:50:43,238 - INFO - [65/95] Completed: Jisha_birthday(14).jpeg
2026-09-17 21:50:43,427 - INFO - Processed image saved to C:/Users/1uci1er/Downloads/Jisha\ai_enhanced_output\Jisha_birthday(11).jpeg in 4.26s
2026-09-17 21:50:43,429 - INFO - [66/95] Completed: Jisha_birthday(11).jpeg
2026-09-17 21:50:45,644 - INFO - Processed image saved to C:/Users/1uci1er/Downloads/Jisha\ai_enhanced_output\Jisha_birthday(10).jpeg in 3.30s
2026-09-17 21:50:45,647 - INFO - [67/95] Completed: Jisha_birthday(10).jpeg
2026-09-17 21:50:47,245 - INFO - Processed image saved to C:/Users/1uci1er/Downloads/Jisha\ai_enhanced_output\Jisha_birthday(7).jpeg in 4.00s
2026-09-17 21:50:47,248 - INFO - [68/95] Completed: Jisha_birthday(7).jpeg
2026-09-17 21:50:47,944 - INFO - Processed image saved to C:/Users/1uci1er/Downloads/Jisha\ai_enhanced_output\Jisha_birthday(9).jpeg in 4.74s
2026-09-17 21:50:47,948 - INFO - [69/95] Completed: Jisha_birthday(9).jpeg
2026-09-17 21:50:48,528 - INFO - Processed image saved to C:/Users/1uci1er/Downloads/Jisha\ai_enhanced_output\Jisha_birthday(6).jpeg in 5.10s
2026-09-17 21:50:48,532 - INFO - [70/95] Completed: Jisha_birthday(6).jpeg
2026-09-17 21:50:49,188 - INFO - Processed image saved to C:/Users/1uci1er/Downloads/Jisha\ai_enhanced_output\Jisha_birthday(5).jpeg in 3.54s
2026-09-17 21:50:49,192 - INFO - [71/95] Completed: Jisha_birthday(5).jpeg
2026-09-17 21:50:51,062 - INFO - Processed image saved to C:/Users/1uci1er/Downloads/Jisha\ai_enhanced_output\Jisha_birthday(4).jpeg in 3.81s
2026-09-17 21:50:51,069 - INFO - [72/95] Completed: Jisha_birthday(4).jpeg
2026-09-17 21:50:52,143 - INFO - Processed image saved to C:/Users/1uci1er/Downloads/Jisha\ai_enhanced_output\Jisha_birthday(3).jpeg in 4.19s
2026-09-17 21:50:52,145 - INFO - [73/95] Completed: Jisha_birthday(3).jpeg
2026-09-17 21:50:52,911 - INFO - Processed image saved to C:/Users/1uci1er/Downloads/Jisha\ai_enhanced_output\Jisha_birthday(2).jpeg in 4.37s
2026-09-17 21:50:52,915 - INFO - [74/95] Completed: Jisha_birthday(2).jpeg
2026-09-17 21:50:53,621 - INFO - Processed image saved to C:/Users/1uci1er/Downloads/Jisha\ai_enhanced_output\Jisha_birthday(1).jpeg in 4.43s
2026-09-17 21:50:53,626 - INFO - [75/95] Completed: Jisha_birthday(1).jpeg
2026-09-17 21:50:54,679 - INFO - Processed image saved to C:/Users/1uci1er/Downloads/Jisha\ai_enhanced_output\Jisha_birthday(16).jpeg in 3.61s
2026-09-17 21:50:54,681 - INFO - [76/95] Completed: Jisha_birthday(16).jpeg
2026-09-17 21:50:55,677 - INFO - Processed image saved to C:/Users/1uci1er/Downloads/Jisha\ai_enhanced_output\Jisha_birthday(20).jpeg in 3.53s
2026-09-17 21:50:55,679 - INFO - [77/95] Completed: Jisha_birthday(20).jpeg
2026-09-17 21:50:56,755 - INFO - Processed image saved to C:/Users/1uci1er/Downloads/Jisha\ai_enhanced_output\Jisha_birthday(21).jpeg in 3.84s
2026-09-17 21:50:56,758 - INFO - [78/95] Completed: Jisha_birthday(21).jpeg
2026-09-17 21:50:57,372 - INFO - Processed image saved to C:/Users/1uci1er/Downloads/Jisha\ai_enhanced_output\Jisha_birthday(22).jpeg in 3.74s
2026-09-17 21:50:57,375 - INFO - [79/95] Completed: Jisha_birthday(22).jpeg
2026-09-17 21:50:58,414 - INFO - Processed image saved to C:/Users/1uci1er/Downloads/Jisha\ai_enhanced_output\Jisha_birthday(24).jpeg in 3.73s
2026-09-17 21:50:58,418 - INFO - [80/95] Completed: Jisha_birthday(24).jpeg
2026-09-17 21:50:59,926 - INFO - Processed image saved to C:/Users/1uci1er/Downloads/Jisha\ai_enhanced_output\Jisha_birthday(71).jpeg in 4.25s
2026-09-17 21:50:59,929 - INFO - [81/95] Completed: Jisha_birthday(71).jpeg
2026-09-17 21:51:00,098 - INFO - Processed image saved to C:/Users/1uci1er/Downloads/Jisha\ai_enhanced_output\Jisha_birthday(72).jpeg in 3.34s
2026-09-17 21:51:00,100 - INFO - [82/95] Completed: Jisha_birthday(72).jpeg
2026-09-17 21:51:00,916 - INFO - Processed image saved to C:/Users/1uci1er/Downloads/Jisha\ai_enhanced_output\Jisha_birthday(73).jpeg in 3.54s
2026-09-17 21:51:00,927 - INFO - [83/95] Completed: Jisha_birthday(73).jpeg
2026-09-17 21:51:02,241 - INFO - Processed image saved to C:/Users/1uci1er/Downloads/Jisha\ai_enhanced_output\Jisha_birthday(74).jpeg in 3.81s
2026-09-17 21:51:02,246 - INFO - [84/95] Completed: Jisha_birthday(74).jpeg
2026-09-17 21:51:03,578 - INFO - Processed image saved to C:/Users/1uci1er/Downloads/Jisha\ai_enhanced_output\Jisha_birthday(75).jpeg in 3.65s
2026-09-17 21:51:03,581 - INFO - [85/95] Completed: Jisha_birthday(75).jpeg
2026-09-17 21:51:04,675 - INFO - Processed image saved to C:/Users/1uci1er/Downloads/Jisha\ai_enhanced_output\Jisha_birthday(83).jpeg in 4.57s
2026-09-17 21:51:04,681 - INFO - [86/95] Completed: Jisha_birthday(83).jpeg
2026-09-17 21:51:05,191 - INFO - Processed image saved to C:/Users/1uci1er/Downloads/Jisha\ai_enhanced_output\Jisha_birthday(85).jpeg in 4.26s
2026-09-17 21:51:05,194 - INFO - [87/95] Completed: Jisha_birthday(85).jpeg
2026-09-17 21:51:06,376 - INFO - Processed image saved to C:/Users/1uci1er/Downloads/Jisha\ai_enhanced_output\Jisha_birthday(86).jpeg in 4.13s
2026-09-17 21:51:06,379 - INFO - [88/95] Completed: Jisha_birthday(86).jpeg
2026-09-17 21:51:08,066 - INFO - Processed image saved to C:/Users/1uci1er/Downloads/Jisha\ai_enhanced_output\Jisha_birthday(92).jpeg in 4.48s
2026-09-17 21:51:08,068 - INFO - [89/95] Completed: Jisha_birthday(92).jpeg
2026-09-17 21:51:08,643 - INFO - Processed image saved to C:/Users/1uci1er/Downloads/Jisha\ai_enhanced_output\Jisha_birthday(93).jpeg in 3.96s
2026-09-17 21:51:08,647 - INFO - [90/95] Completed: Jisha_birthday(93).jpeg
2026-09-17 21:51:09,761 - INFO - Processed image saved to C:/Users/1uci1er/Downloads/Jisha\ai_enhanced_output\Jisha_birthday(95).jpeg in 4.56s
2026-09-17 21:51:09,764 - INFO - [91/95] Completed: Jisha_birthday(95).jpeg
2026-09-17 21:51:10,132 - INFO - Processed image saved to C:/Users/1uci1er/Downloads/Jisha\ai_enhanced_output\Jisha_birthday(97).jpeg in 3.75s
2026-09-17 21:51:10,135 - INFO - [92/95] Completed: Jisha_birthday(97).jpeg
2026-09-17 21:51:12,795 - INFO - Processed image saved to C:/Users/1uci1er/Downloads/Jisha\ai_enhanced_output\Jisha_birthday(99).jpeg in 4.15s
2026-09-17 21:51:12,798 - INFO - [93/95] Completed: Jisha_birthday(99).jpeg
2026-09-17 21:51:12,863 - INFO - Processed image saved to C:/Users/1uci1er/Downloads/Jisha\ai_enhanced_output\Jisha_birthday(100).jpeg in 3.10s
2026-09-17 21:51:12,865 - INFO - [94/95] Completed: Jisha_birthday(100).jpeg
2026-09-17 21:51:13,038 - INFO - Processed image saved to C:/Users/1uci1er/Downloads/Jisha\ai_enhanced_output\Jisha_birthday(98).jpeg in 4.97s
2026-09-17 21:51:13,040 - INFO - [95/95] Completed: Jisha_birthday(98).jpeg
2026-09-17 21:51:13,045 - INFO - Successfully processed 95/95 photos
2026-09-17 21:52:21,519 - INFO - Starting interactive mode
2026-09-17 21:52:29,266 - INFO - No files selected
2026-09-17 21:52:29,266 - INFO - No photos selected for processing
2026-09-17 22:00:22,313 - INFO - Starting interactive mode
2026-09-17 22:00:48,059 - INFO - Selected preset: portrait, enhancement: medium
2026-09-17 22:00:59,157 - INFO - Selected 1 images for processing
2026-09-17 22:01:11,488 - ERROR - Error processing C:/Users/1uci1er/Downloads/Jisha/Jisha_birthday(5).jpeg: PIL.Image.Image.save() got multiple values for keyword argument 'progressive'
2026-09-17 22:01:11,489 - ERROR - [1/1] Error processing Jisha_birthday(5).jpeg: PIL.Image.Image.save() got multiple values for keyword argument 'progressive'
2026-09-17 22:01:11,493 - INFO - Successfully processed 0/1 photos
2026-09-17 22:11:19,991 - INFO - Starting interactive mode
2026-09-17 22:11:26,769 - INFO - Selected preset: portrait, enhancement: medium
2026-09-17 22:11:41,022 - INFO - Selected 1 images for processing
2026-09-17 22:11:55,199 - ERROR - Error processing C:/Users/1uci1er/Downloads/Jisha/Jisha_birthday(5).jpeg: PIL.Image.Image.save() got multiple values for keyword argument 'progressive'
2026-09-17 22:11:55,200 - ERROR - [1/1] Error processing Jisha_birthday(5).jpeg: PIL.Image.Image.save() got multiple values for keyword argument 'progressive'
2026-09-17 22:11:55,207 - INFO - Successfully processed 0/1 photos
2026-09-17 22:12:59,949 - INFO - Starting interactive mode
2026-09-17 22:13:07,107 - INFO - Selected preset: modern, enhancement: medium
2026-09-17 22:13:19,265 - INFO - Selected 90 images for processing
2026-09-17 22:13:34,869 - ERROR - Error processing C:/Users/1uci1er/Downloads/Jisha/Jisha_birthday(96).jpeg: PIL.Image.Image.save() got multiple values for keyword argument 'progressive'
2026-09-17 22:13:34,869 - ERROR - [1/90] Error processing Jisha_birthday(96).jpeg: PIL.Image.Image.save() got multiple values for keyword argument 'progressive'
2026-09-17 22:13:36,991 - ERROR - Error processing C:/Users/1uci1er/Downloads/Jisha/Jisha_birthday(94).jpeg: PIL.Image.Image.save() got multiple values for keyword argument 'progressive'
2026-09-17 22:13:36,992 - ERROR - [2/90] Error processing Jisha_birthday(94).jpeg: PIL.Image.Image.save() got multiple values for keyword argument 'progressive'
2026-09-17 22:13:47,254 - ERROR - Error processing C:/Users/1uci1er/Downloads/Jisha/Jisha_birthday(14).jpeg: PIL.Image.Image.save() got multiple values for keyword argument 'progressive'
2026-09-17 22:13:47,255 - ERROR - [3/90] Error processing Jisha_birthday(14).jpeg: PIL.Image.Image.save() got multiple values for keyword argument 'progressive'
2026-09-17 22:13:48,637 - ERROR - Error processing C:/Users/1uci1er/Downloads/Jisha/Jisha_birthday(81).jpeg: PIL.Image.Image.save() got multiple values for keyword argument 'progressive'
2026-09-17 22:13:48,637 - ERROR - [4/90] Error processing Jisha_birthday(81).jpeg: PIL.Image.Image.save() got multiple values for keyword argument 'progressive'
2026-09-17 22:13:50,516 - ERROR - Error processing C:/Users/1uci1er/Downloads/Jisha/Jisha_birthday(87).jpeg: PIL.Image.Image.save() got multiple values for keyword argument 'progressive'
2026-09-17 22:13:50,517 - ERROR - [5/90] Error processing Jisha_birthday(87).jpeg: PIL.Image.Image.save() got multiple values for keyword argument 'progressive'
2026-09-17 22:13:57,432 - ERROR - Error processing C:/Users/1uci1er/Downloads/Jisha/Jisha_birthday(88).jpeg: PIL.Image.Image.save() got multiple values for keyword argument 'progressive'
2026-09-17 22:13:57,433 - ERROR - [6/90] Error processing Jisha_birthday(88).jpeg: PIL.Image.Image.save() got multiple values for keyword argument 'progressive'
2026-09-17 22:14:04,526 - ERROR - Error processing C:/Users/1uci1er/Downloads/Jisha/Jisha_birthday(89).jpeg: PIL.Image.Image.save() got multiple values for keyword argument 'progressive'
2026-09-17 22:14:04,526 - ERROR - [7/90] Error processing Jisha_birthday(89).jpeg: PIL.Image.Image.save() got multiple values for keyword argument 'progressive'
2026-09-17 22:14:08,286 - ERROR - Error processing C:/Users/1uci1er/Downloads/Jisha/Jisha_birthday(91).jpeg: PIL.Image.Image.save() got multiple values for keyword argument 'progressive'
2026-09-17 22:14:08,290 - ERROR - [8/90] Error processing Jisha_birthday(91).jpeg: PIL.Image.Image.save() got multiple values for keyword argument 'progressive'
2026-09-17 22:14:12,885 - ERROR - Error processing C:/Users/1uci1er/Downloads/Jisha/Jisha_birthday(90).jpeg: PIL.Image.Image.save() got multiple values for keyword argument 'progressive'
2026-09-17 22:14:12,886 - ERROR - [9/90] Error processing Jisha_birthday(90).jpeg: PIL.Image.Image.save() got multiple values for keyword argument 'progressive'
2026-09-17 22:14:14,816 - ERROR - Error processing C:/Users/1uci1er/Downloads/Jisha/Jisha_birthday(84).jpeg: PIL.Image.Image.save() got multiple values for keyword argument 'progressive'
2026-09-17 22:14:14,818 - ERROR - [10/90] Error processing Jisha_birthday(84).jpeg: PIL.Image.Image.save() got multiple values for keyword argument 'progressive'
2026-09-17 22:14:21,379 - ERROR - Error processing C:/Users/1uci1er/Downloads/Jisha/Jisha_birthday(76).jpeg: PIL.Image.Image.save() got multiple values for keyword argument 'progressive'
2026-09-17 22:14:21,381 - ERROR - [11/90] Error processing Jisha_birthday(76).jpeg: PIL.Image.Image.save() got multiple values for keyword argument 'progressive'
2026-09-17 22:14:24,753 - ERROR - Error processing C:/Users/1uci1er/Downloads/Jisha/Jisha_birthday(77).jpeg: PIL.Image.Image.save() got multiple values for keyword argument 'progressive'
2026-09-17 22:14:24,754 - ERROR - [12/90] Error processing Jisha_birthday(77).jpeg: PIL.Image.Image.save() got multiple values for keyword argument 'progressive'
2026-09-17 22:14:30,412 - ERROR - Error processing C:/Users/1uci1er/Downloads/Jisha/Jisha_birthday(78).jpeg: PIL.Image.Image.save() got multiple values for keyword argument 'progressive'
2026-09-17 22:14:30,412 - ERROR - [13/90] Error processing Jisha_birthday(78).jpeg: PIL.Image.Image.save() got multiple values for keyword argument 'progressive'
2026-09-17 22:14:36,545 - ERROR - Error processing C:/Users/1uci1er/Downloads/Jisha/Jisha_birthday(79).jpeg: PIL.Image.Image.save() got multiple values for keyword argument 'progressive'
2026-09-17 22:14:36,545 - ERROR - [14/90] Error processing Jisha_birthday(79).jpeg: PIL.Image.Image.save() got multiple values for keyword argument 'progressive'
2026-09-17 22:14:39,499 - ERROR - Error processing C:/Users/1uci1er/Downloads/Jisha/Jisha_birthday(80).jpeg: PIL.Image.Image.save() got multiple values for keyword argument 'progressive'
2026-09-17 22:14:39,500 - ERROR - [15/90] Error processing Jisha_birthday(80).jpeg: PIL.Image.Image.save() got multiple values for keyword argument 'progressive'
2026-09-17 22:14:44,657 - ERROR - Error processing C:/Users/1uci1er/Downloads/Jisha/Jisha_birthday(82).jpeg: PIL.Image.Image.save() got multiple values for keyword argument 'progressive'
2026-09-17 22:14:44,658 - ERROR - [16/90] Error processing Jisha_birthday(82).jpeg: PIL.Image.Image.save() got multiple values for keyword argument 'progressive'
2026-09-17 22:14:49,903 - ERROR - Error processing C:/Users/1uci1er/Downloads/Jisha/Jisha_birthday(62).jpeg: PIL.Image.Image.save() got multiple values for keyword argument 'progressive'
2026-09-17 22:14:49,904 - ERROR - [17/90] Error processing Jisha_birthday(62).jpeg: PIL.Image.Image.save() got multiple values for keyword argument 'progressive'
2026-09-17 22:14:55,822 - ERROR - Error processing C:/Users/1uci1er/Downloads/Jisha/Jisha_birthday(63).jpeg: PIL.Image.Image.save() got multiple values for keyword argument 'progressive'
2026-09-17 22:14:55,823 - ERROR - [18/90] Error processing Jisha_birthday(63).jpeg: PIL.Image.Image.save() got multiple values for keyword argument 'progressive'
2026-09-17 22:15:00,981 - ERROR - Error processing C:/Users/1uci1er/Downloads/Jisha/Jisha_birthday(64).jpeg: PIL.Image.Image.save() got multiple values for keyword argument 'progressive'
2026-09-17 22:15:00,981 - ERROR - [19/90] Error processing Jisha_birthday(64).jpeg: PIL.Image.Image.save() got multiple values for keyword argument 'progressive'
2026-09-17 22:15:05,801 - ERROR - Error processing C:/Users/1uci1er/Downloads/Jisha/Jisha_birthday(65).jpeg: PIL.Image.Image.save() got multiple values for keyword argument 'progressive'
2026-09-17 22:15:05,801 - ERROR - [20/90] Error processing Jisha_birthday(65).jpeg: PIL.Image.Image.save() got multiple values for keyword argument 'progressive'
2026-09-17 22:15:11,434 - ERROR - Error processing C:/Users/1uci1er/Downloads/Jisha/Jisha_birthday(66).jpeg: PIL.Image.Image.save() got multiple values for keyword argument 'progressive'
2026-09-17 22:15:11,435 - ERROR - [21/90] Error processing Jisha_birthday(66).jpeg: PIL.Image.Image.save() got multiple values for keyword argument 'progressive'
2026-09-17 22:15:15,903 - ERROR - Error processing C:/Users/1uci1er/Downloads/Jisha/Jisha_birthday(67).jpeg: PIL.Image.Image.save() got multiple values for keyword argument 'progressive'
2026-09-17 22:15:15,903 - ERROR - [22/90] Error processing Jisha_birthday(67).jpeg: PIL.Image.Image.save() got multiple values for keyword argument 'progressive'
2026-09-17 22:15:21,511 - ERROR - Error processing C:/Users/1uci1er/Downloads/Jisha/Jisha_birthday(68).jpeg: PIL.Image.Image.save() got multiple values for keyword argument 'progressive'
2026-09-17 22:15:21,516 - ERROR - [23/90] Error processing Jisha_birthday(68).jpeg: PIL.Image.Image.save() got multiple values for keyword argument 'progressive'
2026-09-17 22:15:26,278 - ERROR - Error processing C:/Users/1uci1er/Downloads/Jisha/Jisha_birthday(69).jpeg: PIL.Image.Image.save() got multiple values for keyword argument 'progressive'
2026-09-17 22:15:26,279 - ERROR - [24/90] Error processing Jisha_birthday(69).jpeg: PIL.Image.Image.save() got multiple values for keyword argument 'progressive'
2026-09-17 22:15:30,635 - ERROR - Error processing C:/Users/1uci1er/Downloads/Jisha/Jisha_birthday(70).jpeg: PIL.Image.Image.save() got multiple values for keyword argument 'progressive'
2026-09-17 22:15:30,635 - ERROR - [25/90] Error processing Jisha_birthday(70).jpeg: PIL.Image.Image.save() got multiple values for keyword argument 'progressive'
2026-09-17 22:15:35,354 - ERROR - Error processing C:/Users/1uci1er/Downloads/Jisha/Jisha_birthday(61).jpeg: PIL.Image.Image.save() got multiple values for keyword argument 'progressive'
2026-09-17 22:15:35,354 - ERROR - [26/90] Error processing Jisha_birthday(61).jpeg: PIL.Image.Image.save() got multiple values for keyword argument 'progressive'
2026-09-17 22:15:40,465 - ERROR - Error processing C:/Users/1uci1er/Downloads/Jisha/Jisha_birthday(40).jpeg: PIL.Image.Image.save() got multiple values for keyword argument 'progressive'
2026-09-17 22:15:40,465 - ERROR - [27/90] Error processing Jisha_birthday(40).jpeg: PIL.Image.Image.save() got multiple values for keyword argument 'progressive'
2026-09-17 22:15:48,236 - ERROR - Error processing C:/Users/1uci1er/Downloads/Jisha/Jisha_birthday(41).jpeg: PIL.Image.Image.save() got multiple values for keyword argument 'progressive'
2026-09-17 22:15:48,237 - ERROR - [28/90] Error processing Jisha_birthday(41).jpeg: PIL.Image.Image.save() got multiple values for keyword argument 'progressive'
2026-09-17 22:15:53,534 - ERROR - Error processing C:/Users/1uci1er/Downloads/Jisha/Jisha_birthday(42).jpeg: PIL.Image.Image.save() got multiple values for keyword argument 'progressive'
2026-09-17 22:15:53,542 - ERROR - [29/90] Error processing Jisha_birthday(42).jpeg: PIL.Image.Image.save() got multiple values for keyword argument 'progressive'
2026-09-17 22:15:57,888 - ERROR - Error processing C:/Users/1uci1er/Downloads/Jisha/Jisha_birthday(8).jpeg: PIL.Image.Image.save() got multiple values for keyword argument 'progressive'
2026-09-17 22:15:57,889 - ERROR - [30/90] Error processing Jisha_birthday(8).jpeg: PIL.Image.Image.save() got multiple values for keyword argument 'progressive'
2026-09-17 22:15:59,884 - ERROR - Error processing C:/Users/1uci1er/Downloads/Jisha/Jisha_birthday(43).jpeg: PIL.Image.Image.save() got multiple values for keyword argument 'progressive'
2026-09-17 22:15:59,891 - ERROR - [31/90] Error processing Jisha_birthday(43).jpeg: PIL.Image.Image.save() got multiple values for keyword argument 'progressive'
2026-09-17 22:16:06,269 - ERROR - Error processing C:/Users/1uci1er/Downloads/Jisha/Jisha_birthday(44).jpeg: PIL.Image.Image.save() got multiple values for keyword argument 'progressive'
2026-09-17 22:16:06,269 - ERROR - [32/90] Error processing Jisha_birthday(44).jpeg: PIL.Image.Image.save() got multiple values for keyword argument 'progressive'
2026-09-17 22:16:10,431 - ERROR - Error processing C:/Users/1uci1er/Downloads/Jisha/Jisha_birthday(45).jpeg: PIL.Image.Image.save() got multiple values for keyword argument 'progressive'
2026-09-17 22:16:10,431 - ERROR - [33/90] Error processing Jisha_birthday(45).jpeg: PIL.Image.Image.save() got multiple values for keyword argument 'progressive'
2026-09-17 22:16:22,417 - INFO - Starting interactive mode
2026-09-17 22:16:37,443 - INFO - Selected preset: portrait, enhancement: medium
2026-09-17 22:16:48,205 - INFO - Selected 90 images for processing
2026-09-17 22:17:04,323 - ERROR - Error processing C:/Users/1uci1er/Downloads/Jisha/Jisha_birthday(94).jpeg: PIL.Image.Image.save() got multiple values for keyword argument 'progressive'
2026-09-17 22:17:04,323 - ERROR - [1/90] Error processing Jisha_birthday(94).jpeg: PIL.Image.Image.save() got multiple values for keyword argument 'progressive'
2026-09-17 22:17:07,608 - ERROR - Error processing C:/Users/1uci1er/Downloads/Jisha/Jisha_birthday(96).jpeg: PIL.Image.Image.save() got multiple values for keyword argument 'progressive'
2026-09-17 22:17:07,609 - ERROR - [2/90] Error processing Jisha_birthday(96).jpeg: PIL.Image.Image.save() got multiple values for keyword argument 'progressive'
2026-09-17 22:17:18,956 - ERROR - Error processing C:/Users/1uci1er/Downloads/Jisha/Jisha_birthday(81).jpeg: PIL.Image.Image.save() got multiple values for keyword argument 'progressive'
2026-09-17 22:17:18,957 - ERROR - [3/90] Error processing Jisha_birthday(81).jpeg: PIL.Image.Image.save() got multiple values for keyword argument 'progressive'
2026-09-17 22:17:19,328 - ERROR - Error processing C:/Users/1uci1er/Downloads/Jisha/Jisha_birthday(14).jpeg: PIL.Image.Image.save() got multiple values for keyword argument 'progressive'
2026-09-17 22:17:19,332 - ERROR - [4/90] Error processing Jisha_birthday(14).jpeg: PIL.Image.Image.save() got multiple values for keyword argument 'progressive'
2026-09-17 22:17:20,535 - ERROR - Error processing C:/Users/1uci1er/Downloads/Jisha/Jisha_birthday(87).jpeg: PIL.Image.Image.save() got multiple values for keyword argument 'progressive'
2026-09-17 22:17:20,536 - ERROR - [5/90] Error processing Jisha_birthday(87).jpeg: PIL.Image.Image.save() got multiple values for keyword argument 'progressive'
2026-09-17 22:17:23,545 - ERROR - Error processing C:/Users/1uci1er/Downloads/Jisha/Jisha_birthday(88).jpeg: PIL.Image.Image.save() got multiple values for keyword argument 'progressive'
2026-09-17 22:17:23,545 - ERROR - [6/90] Error processing Jisha_birthday(88).jpeg: PIL.Image.Image.save() got multiple values for keyword argument 'progressive'
2026-09-17 22:17:35,242 - ERROR - Error processing C:/Users/1uci1er/Downloads/Jisha/Jisha_birthday(89).jpeg: PIL.Image.Image.save() got multiple values for keyword argument 'progressive'
2026-09-17 22:17:35,243 - ERROR - [7/90] Error processing Jisha_birthday(89).jpeg: PIL.Image.Image.save() got multiple values for keyword argument 'progressive'
2026-09-17 22:17:40,904 - ERROR - Error processing C:/Users/1uci1er/Downloads/Jisha/Jisha_birthday(84).jpeg: PIL.Image.Image.save() got multiple values for keyword argument 'progressive'
2026-09-17 22:17:40,905 - ERROR - [8/90] Error processing Jisha_birthday(84).jpeg: PIL.Image.Image.save() got multiple values for keyword argument 'progressive'
2026-09-17 22:17:43,464 - ERROR - Error processing C:/Users/1uci1er/Downloads/Jisha/Jisha_birthday(91).jpeg: PIL.Image.Image.save() got multiple values for keyword argument 'progressive'
2026-09-17 22:17:43,465 - ERROR - [9/90] Error processing Jisha_birthday(91).jpeg: PIL.Image.Image.save() got multiple values for keyword argument 'progressive'
2026-09-17 22:17:49,101 - ERROR - Error processing C:/Users/1uci1er/Downloads/Jisha/Jisha_birthday(90).jpeg: PIL.Image.Image.save() got multiple values for keyword argument 'progressive'
2026-09-17 22:17:49,102 - ERROR - [10/90] Error processing Jisha_birthday(90).jpeg: PIL.Image.Image.save() got multiple values for keyword argument 'progressive'
2026-09-17 22:18:25,331 - INFO - Starting interactive mode
2026-09-17 22:18:34,457 - INFO - Selected preset: portrait, enhancement: ultra
2026-09-17 22:18:43,105 - INFO - Selected 1 images for processing
2026-09-17 22:19:32,012 - ERROR - Error processing C:/Users/1uci1er/Downloads/Jisha/Jisha_birthday(5).jpeg: PIL.Image.Image.save() got multiple values for keyword argument 'progressive'
2026-09-17 22:19:32,022 - ERROR - [1/1] Error processing Jisha_birthday(5).jpeg: PIL.Image.Image.save() got multiple values for keyword argument 'progressive'
2026-09-17 22:19:32,065 - INFO - Successfully processed 0/1 photos
2026-09-17 22:20:45,968 - INFO - Starting interactive mode
2026-09-17 22:20:51,033 - INFO - Selected preset: portrait, enhancement: medium
2026-09-17 22:21:00,006 - INFO - Selected 1 images for processing
2026-09-17 22:21:12,203 - ERROR - Error processing C:/Users/1uci1er/Downloads/Jisha/Jisha_birthday(5).jpeg: PIL.Image.Image.save() got multiple values for keyword argument 'progressive'
2026-09-17 22:21:12,204 - ERROR - [1/1] Error processing Jisha_birthday(5).jpeg: PIL.Image.Image.save() got multiple values for keyword argument 'progressive'
2026-09-17 22:21:12,208 - INFO - Successfully processed 0/1 photos
2026-09-17 22:21:28,674 - INFO - Starting interactive mode
2026-09-17 22:21:48,486 - ERROR - File not found
2026-09-17 22:21:58,820 - INFO - Starting interactive mode
2026-09-17 22:22:20,865 - INFO - Selected preset: portrait, enhancement: medium
2026-09-17 22:22:33,913 - ERROR - Error processing C:\Users\1uci1er\Downloads\Jisha\Jisha_birthday(5).jpeg: PIL.Image.Image.save() got multiple values for keyword argument 'progressive'
2026-09-17 22:22:33,913 - ERROR - Error processing C:\Users\1uci1er\Downloads\Jisha\Jisha_birthday(5).jpeg: PIL.Image.Image.save() got multiple values for keyword argument 'progressive'
